#Character ID	Max Speakers	Gender	Age	Status	Comment	Reference	FCBH Character
2 other disciples	2	Male	Adult		Not Peter (Simon), Thomas, Nathaniel, James, or John	JHN 21:3 & JHN 21:5
250 Israelite leaders	250	Male	Adult			NUM 16:3
a Jew	1	Male	Adult			JHN 3:26
Aaron	1	Male	Adult			EXO 5:1 <-(18 more)-> NUM 16:22
Abednego	1	Male	Adult		original Hebrew name: Azariah	DAN 3:16 <-(1 more)-> DAN 3:18
Abigail	1	Female	Adult			1SA 25:19 <-(8 more)-> 1SA 25:41
Abijah, king of Judah	1	Male	Adult			2CH 13:4 <-(7 more)-> 2CH 13:12
Abimelech 1, king of the Philistines (in Gerar)	1	Male	Adult			GEN 20:4 <-(8 more)-> GEN 21:29	Abimelech 1st
Abimelech 2, king of the Philistines (in Gerar)	1	Male	Adult			GEN 26:9 <-(4 more)-> GEN 26:29	Abimelech 2nd
Abimelech, son of Gideon (Jerubbaal)	1	Male	Adult			JDG 9:2 <-(1 more)-> JDG 9:54	Abimelech 3rd
Abiram	1	Male	Adult		son of Eliab (Reubenite)	NUM 16:3 <-(2 more)-> NUM 16:14
Abishai, Joab's brother	1	Male	Adult			1SA 26:6 <-(2 more)-> 2SA 19:21
Abner, commander of Saul's army	1	Male	Adult			1SA 17:55 <-(13 more)-> 2SA 3:21
Abraham (Abram)	1	Male	Adult			GEN 12:11 <-(48 more)-> GEN 24:8
Abraham's chief servant	1	Male	Adult			GEN 24:5 <-(25 more)-> GEN 24:65	Servant of Abraham
Absalom's men	-1	Male	Adult			2SA 17:20	Servant of Absalom
Absalom's secret messengers	-1	Male	Adult			2SA 15:10
Absalom, son of David	1	Male	Adult			2SA 13:20 <-(16 more)-> 2SA 18:18	Absolom
Achan	1	Male	Adult			JOS 7:20 & JOS 7:21
Achish, king of Gath	1	Male	Adult			1SA 21:14 <-(9 more)-> 1SA 29:10
Achsah, Caleb's daughter	1	Female	Adult			JOS 15:18 <-(2 more)-> JDG 1:15	Acsah (female)
Adam	1	Male	Adult			GEN 2:23 <-(1 more)-> GEN 3:12
Adoni-Bezek	1	Male	Adult			JDG 1:7
Adoni-Zedek, king of Jerusalem	1	Male	Adult			JOS 10:4
Adonijah, son of David	1	Male	Adult			1KI 1:5 <-(5 more)-> 1KI 2:17
advisers to king	-1	Male	Adult			DAN 3:24	Chaldean
Agabus the prophet	1	Male	Adult			ACT 11:28 & ACT 21:11
Agag, king of the Amalekites	1	Male	Adult			1SA 15:32
Agur	1	Male	Adult			PRO 30:1 <-(31 more)-> PRO 30:33
Ahab, king of Israel	1	Male	Adult			1KI 18:5 <-(36 more)-> 2CH 18:33
Ahaz, king of Judah	1	Male	Adult			2KI 16:7 <-(2 more)-> ISA 7:12
Ahaziah, king of Israel	1	Male	Adult			1KI 22:49 <-(3 more)-> 2KI 1:8
Ahijah the priest	1	Male	Adult			1SA 14:36	Priest
Ahijah the prophet	1	Male	Adult			1KI 11:31 <-(18 more)-> 1KI 14:16
Ahimaaz (messenger)	1	Male	Adult			2SA 17:21 <-(4 more)-> 2SA 18:29
Ahimelech the priest (son of Ahitub)	1	Male	Adult			1SA 21:1 <-(4 more)-> 1SA 22:15	Ahimelech
Ahithophel	1	Male	Adult			2SA 16:21 <-(2 more)-> 2SA 17:3
all in Nazareth synagogue	-1		Adult			LUK 4:22
all in temple	-1		Adult			PSA 29:9
all seeking God	-1		Adult			PSA 40:16
all the earth	-1					PSA 96:10
all the elders	-1	Male	Elder		elders of the church in Jerusalem	MRK 15:1 <-(5 more)-> ACT 21:25
all who heard (in synagogues)	-1		Adult			ACT 9:21
altar	1	PreferMale	Adult			REV 16:7
Amalekite (young man from Saul's camp)	1	Male	YoungAdult			2SA 1:3 <-(6 more)-> 2SA 1:13	Amalekite
Amasa	1	Male	Adult		leader in Ephraim	2CH 28:13
Amasai, chief of thirty	1	Male	Adult			1CH 12:18
Amaziah, king of Judah	1	Male	Adult			2KI 14:8 <-(2 more)-> 2CH 25:17
Amaziah, priest of Bethel	1	Male	Adult			AMO 7:10 <-(2 more)-> AMO 7:13	Amaziah (priest)
ambassador	-1	Male	Adult			JER 49:14 & OBA 1:1	Envoy
ambassador sent by sea	-1	Male	Adult			ISA 18:2	Ambassador
Ammonite nobles	-1	Male	Adult			2SA 10:3 & 1CH 19:3	Noble
Ammonites	-1	Male	Adult			EZK 25:3
Amnon, son of David	1	Male	Adult			2SA 13:4 <-(5 more)-> 2SA 13:17
Amos	1	Male	Adult			AMO 1:2 <-(86 more)-> AMO 9:15
Ananias (Annas), the high priest (father-in-law of Caiaphas)	1	Male	Elder			JHN 18:19 <-(9 more)-> ACT 23:2
Ananias of Damascus	1	Male	Adult			ACT 9:10 <-(2 more)-> ACT 9:17
Ananias of Jerusalem	1	Male	Adult			ACT 5:2 & ACT 5:5
Andrew	1	Male	Adult			MAT 14:17 <-(8 more)-> JHN 6:9
angel	-1	Male	Adult			1KI 19:5 <-(23 more)-> ACT 12:8
angel (one of the seven)	1		Adult			REV 17:1 <-(19 more)-> REV 22:11
angel flying directly overhead	1		Adult			REV 14:7
angel flying directly overhead, second	1		Adult			REV 14:8
angel flying directly overhead, third	1		Adult			REV 14:9 <-(2 more)-> REV 14:12
angel or messenger (Greek variant: someone speaking to John)	1		Adult			REV 11:1 <-(1 more)-> REV 11:3
angel over waters	1		Adult			REV 16:5 & REV 16:6
angel standing in sun	1		Adult			REV 7:3 <-(1 more)-> REV 19:18
angel standing on sea and land	1		Adult			REV 10:6 <-(2 more)-> REV 10:11
angel who talked with Zechariah	1		Adult			ZEC 1:9 <-(40 more)-> ZEC 6:8
angel who wrestled with Jacob	1	Male	Adult			GEN 32:26 <-(2 more)-> GEN 32:29
angel, another, coming down from heaven	1		Adult			REV 18:2 & REV 18:3
angel, coming out of temple	1		Adult			REV 14:15
angel, coming out of temple, another	1		Adult			REV 14:18
angel, powerful	1		Adult			REV 5:2 <-(3 more)-> REV 18:24
angelic riders or horses (in vision)	-1	PreferMale				ZEC 1:11
angels at Sodom, two	2	Male	Adult			GEN 18:5 <-(8 more)-> GEN 19:22
angels in white, two	2	Male	Adult			MAT 28:5 <-(7 more)-> JHN 20:13
angels, all the	-1		Adult			REV 7:12
angels, many	-1		Adult			REV 5:12
Anna, prophetess	1	Female	Elder			LUK 2:38
another disciple of John the Baptist	1	Male	Adult		Became disciple of Jesus (not Andrew, Simon Peter, Philip, Nathanael, or Matthew)	JHN 1:38
another holy one (in vision)	1		Adult			DAN 8:13
answer from Israel	1		Adult			ISA 14:32
anyone	1		Adult			JHN 9:22 <-(4 more)-> 2JN 1:11
anyone with complaint for king	1		Adult			2SA 15:2
Apollos	1	Male	Adult			ACT 18:28
apostles, elders, and whole church at Jerusalem	-1		Adult			ACT 4:24 <-(7 more)-> ACT 15:22
Aramean soldiers	-1	Male	Adult			2KI 7:6	Syrians
Araunah, the Jebusite	1	Male	Adult			2SA 24:21 <-(2 more)-> 1CH 21:23
Arioch	1	Male	Adult			DAN 2:25
army cry	-1	Male	Adult			1KI 22:36
army officer, one of	1	Male	Adult			2KI 9:11
army officers	-1	Male	Adult			2KI 9:12 <-(5 more)-> JER 42:6
Aroer, inhabitant of	-1	Male	Adult			JER 48:19
arrogant men	-1	Male	Adult			JER 43:2 & JER 43:3
Artaxerxes, king of Persia	1	Male	Adult			EZR 4:17 <-(24 more)-> NEH 5:14
Asa, king of Judah	1	Male	Adult			1KI 15:19 <-(2 more)-> 2CH 16:3
Asahel, brother of Joab	1	Male	Adult			2SA 2:20
Asaph	1	Male	Adult			
Asher	1	Male	Adult			GEN 37:8 <-(33 more)-> GEN 50:18
assembly, whole	-1		Adult			EZR 10:12 <-(2 more)-> NEH 5:13
astrologers	-1	Male	Adult			DAN 2:4 <-(6 more)-> DAN 3:12	Chaldean
Athaliah, mother of Ahaziah (Queen)	1	Female	Adult			2KI 11:14 & 2CH 23:13
attendents of Phineas' wife	-1	Female	Adult			1SA 4:20
authorities, governing	-1	Male	Adult			ROM 13:3
authorities, Philippi	-1	Male	Adult			ACT 16:22 & ACT 16:23
Azariah the chief priest (during reign of Hezekiah)	1	Male			from the family of Zadok	2CH 31:10	Azariah (priest)
Azariah the priest (during reign of Uzziah)	1	Male				2CH 26:18	Azariah (priest)
Azariah, son of Hoshaiah	1	Male				JER 43:2 & JER 43:3
Azariah, son of Jehohanan	1	Male			leader in Ephraim	2CH 28:13	Leader
Azariah, son of Oded	1	Male				2CH 15:2 <-(4 more)-> 2CH 15:7	Azariah (prophet)
Baanah	1	Male				2SA 4:8
Babylon (personified as adulteress)	1	Female	Adult			ISA 47:7 <-(2 more)-> REV 18:7
Balaam	1	Male	Adult			NUM 22:8 <-(46 more)-> NUM 24:24
Balak	1	Male	Adult			NUM 22:5 <-(8 more)-> NUM 24:11
Barak	1	Male	Adult			JDG 4:8 <-(29 more)-> JDG 5:31
Barnabas	1	Male	Adult			ACT 9:27 <-(16 more)-> ACT 15:37
Bartimaeus (a blind man)	1	Male	Adult			MAT 20:30 <-(11 more)-> LUK 18:43	Man (Blind)
Baruch	1	Male	Adult			JER 36:18
Barzillai	1	Male	Adult		Gileadite	2SA 17:29
Barzillai (old)	1	Male	Elder		Gileadite	2SA 19:34 <-(2 more)-> 2SA 19:37
Bathsheba	1	Female	Adult			2SA 11:5 <-(11 more)-> 1KI 2:21
beam	1					HAB 2:12
beast from out of the earth	1		Adult			REV 13:14
believers who came with Peter	-1	Male	Adult			ACT 10:45
believers who were Pharisees	-1	Male	Adult			ACT 15:5
believers, circumcised (in Jerusalem)	-1	Male	Adult			ACT 11:3 & ACT 11:18
believers, one hundred twenty	120	PreferMale	Adult		Probably spoken by Peter or one of the other eleven disciples	ACT 1:24 & ACT 1:25
beloved	1	Female	Adult			SNG 1:2 <-(68 more)-> SNG 8:14
Belshazzar, king of Babylon	1	Male	Adult			DAN 5:2 <-(7 more)-> DAN 5:29
Ben-Hadad, king of Aram	1	Male			Ben-Hadad II (aka, Hadadezer or Adad-Idri); Aram = Syria	1KI 20:10 <-(11 more)-> 2CH 18:30	Ben Hadad
Benaiah, son of Jehoiada	1	Male				1KI 1:36 <-(1 more)-> 1KI 2:30
Benjamin	1	Male				GEN 43:28 <-(6 more)-> GEN 50:18
Benjamite messenger to Eli	1	Male				1SA 4:16 & 1SA 4:17
Benjamites	-1					JDG 20:32 & JDG 20:39
Bera, king of Sodom	1	Male				GEN 14:4 & GEN 14:21	King of Sodom
Berekiah	1	Male			leader in Ephraim	2CH 28:13
Bernice	1	Female				ACT 26:31
Beth Shemesh, men of	-1	Male				1SA 6:20
Beth Shemesh, messenger from	1	PreferMale				1SA 6:21
Beth-ezel	-1	Male				MIC 1:11
Bethlehem, elders of	-1	Male	Elder			1SA 16:4	Elder
Bethuel, Rebekah's father	1	Male	Adult			GEN 24:50 & GEN 24:51
Bildad the Shuhite	1	Male				JOB 8:2 <-(44 more)-> JOB 25:6
Birsha, king of Gomorrah	1	Male				GEN 14:4
blind man	1	Male	Adult			MRK 8:24
blind men, two	2	Male	Adult			MAT 9:27 & MAT 9:28	Man (Blind)
Boaz	1	Male	Adult			RUT 2:4 <-(21 more)-> RUT 4:10
Book of the Wars of Yahweh	1	PreferMale	Adult			NUM 21:14 & NUM 21:15
boys	-1	Male	Child			2KI 2:23	Youth
bride, the (referring to the Church)	-1	PreferFemale	Adult			REV 22:17
brother-in-law of widow	1	Male	Adult			DEU 25:8
brothers at Antioch	-1	Male	Adult			ACT 15:2 <-(2 more)-> ACT 15:40
brothers at Ephesus	-1	Male	Adult			ACT 18:27 & ACT 19:30
brothers at Lystra and Iconium	-1	Male	Adult			ACT 16:2
brothers at Puteoli	-1	Male	Adult			ACT 28:14
brothers at Rome	-1	Male	Adult			ACT 28:15
brothers at Thessalonica	-1	Male	Adult			ACT 17:10
brothers of beloved	-1	Male	Adult			SNG 8:8 & SNG 8:9
brothers who hate you	-1	Male	Adult			ISA 66:5
buyer	1	Either	Adult			PRO 20:14
bystanders at Calvary, some	-1		Adult			MAT 27:47 & MRK 15:35
bystanders at Calvary, the rest	-1		Adult			MAT 27:49
Caesar Augustus	1	Male	Adult			LUK 2:1
Caiaphas, the high priest	1	Male	Adult			MAT 26:62 <-(16 more)-> ACT 4:18	High Priest
Cain	1	Male	Adult			GEN 4:8 <-(2 more)-> GEN 4:14
Caleb	1	Male	Adult			NUM 13:30 <-(14 more)-> JDG 1:14
Canaanite (Syrophoenician) mother of possessed girl	1	Female	Adult			MAT 15:22 <-(3 more)-> MRK 7:28	Woman (Foreigner)
Canaanites	-1		Adult			GEN 50:11
captain of ship to Italy (Rome)	1	Male	Adult			ACT 27:12 <-(1 more)-> ACT 27:39
captain of ship to Tarshish	1	Male	Adult			JON 1:6 <-(4 more)-> JON 1:14	Captain
captain of the temple guard	1	Male	Adult			ACT 4:1 <-(1 more)-> ACT 5:26
captain, first	1	Male	Adult			2KI 1:9
captain, second	1	Male	Adult			2KI 1:11
captain, third	1	Male	Adult			2KI 1:13 & 2KI 1:14
captors, our	-1		Adult			PSA 137:3
centurion at crucifixion	1	Male	Adult			MAT 27:54 <-(1 more)-> LUK 23:47
centurion at Paul's flogging	1	Male	Adult			ACT 22:26	Centurion
centurion in the barracks	1	Male	Adult			ACT 23:18
centurion on ship with Paul	1	Male	Adult			ACT 27:43
centurion summoned by Pilate	1	Male	Adult			MRK 15:45	Officer
centurion with great faith	1	Male	Adult			MAT 8:5 <-(6 more)-> LUK 7:8
chariot commanders of Aram	-1	Male	Adult			1KI 22:32 & 2CH 18:31	Commander
chief baker of Egypt	1	Male	Adult			GEN 40:8 <-(1 more)-> GEN 40:17	Chief Baker
chief cupbearer of Egypt	1	Male	Adult			GEN 40:8 <-(7 more)-> GEN 41:13	Cupbearer
chief official	1	Male				DAN 1:10	Official
chief priests	-1	Male				2KI 19:3 <-(71 more)-> ACT 25:7
chiefs of 10 tribes	10	Male			not Reuben, Gad, half tribe of Manasseh	JOS 22:16 <-(4 more)-> JOS 22:32
children	-1		Child			MAT 21:15
children of excellent wife	-1		Child			PRO 31:28
children of God	-1	Either	Child		could be spoken by any age actor, but a child's voice might provide best dramatic effect	GAL 4:6
children of Zion (Jerusalem)	-1		Child			LAM 2:12 & LAM 4:4
citizens of Shechem	-1		Adult			JDG 9:3
city clerk of Ephesus	1	Male	Adult			ACT 19:35 <-(5 more)-> ACT 19:41
Claudius	1	Male	Adult			ACT 18:2
Cleopas	1	Male	Adult			LUK 24:18 <-(8 more)-> LUK 24:35
Cleopas' companion (on road to Emmaus)	1	Either	Adult			LUK 24:19 <-(7 more)-> LUK 24:35
collectors of temple tax	-1	Male	Adult			MAT 17:24	Tax Collector
commander of Roman troops in Jerusalem	1	Male	Adult			ACT 21:33 <-(17 more)-> ACT 23:30
commander of Yahweh's army	1	Male	Adult			JOS 5:14 & JOS 5:15	Angel
company of the prophets	-1		Adult			2KI 4:40 <-(3 more)-> 2KI 6:5
company of the prophets (Bethel)	-1		Adult			2KI 2:3
company of the prophets (Jericho)	-1		Adult			2KI 2:5 <-(1 more)-> 2KI 2:16
company of the prophets, one of (young man)	1	Male	YoungAdult			2KI 9:5 <-(4 more)-> 2KI 9:10	Prophet (young)
conquerors of beast, image & his name	-1		Adult			REV 15:3 & REV 15:4
conquerors of Lo Debar	-1	Male	Adult			AMO 6:13
Cornelius	1	Male	Adult			ACT 10:4 <-(4 more)-> ACT 10:48
council of elders	-1	Male	Elder			LUK 22:67 <-(3 more)-> ACT 5:40
craftsman	1	Male	Adult			EXO 36:5 <-(4 more)-> ISA 44:20
craftsmen and workmen	-1	Male	Adult			ACT 19:28 <-(1 more)-> ACT 19:34
Cretan prophet	1	Male				TIT 1:12
criminal on cross, insulting	1	Male	Adult			MAT 27:44 & LUK 23:39	Man (Crucified) Bad
criminal on cross, repentant	1	Male	Adult			LUK 23:40 <-(1 more)-> LUK 23:42	Man (Crucified) Good
crippled man	1	Male	Adult			ACT 3:3 & ACT 3:5
crowd	-1		Adult			MAT 7:28 <-(26 more)-> ACT 21:36
crowd after mute healed	-1		Adult			MAT 9:33 & LUK 11:14
crowd at Festival of Tabernacles in Jerusalem, many in the	-1		Adult			JHN 7:31
crowd at Festival of Tabernacles in Jerusalem, others	-1		Adult			JHN 7:12 & JHN 7:41
crowd at Festival of Tabernacles in Jerusalem, some	-1		Adult			JHN 7:12 & JHN 7:40
crowd at Festival of Tabernacles in Jerusalem, still others	-1		Adult			JHN 7:41 & JHN 7:42
crowd at Festival of Tabernacles in Jerusalem, the	-1		Adult			JHN 7:20
crowd at Jericho	-1		Adult			MAT 20:30 <-(3 more)-> LUK 19:11
crowd before Pilate	-1		Adult			MAT 27:21 <-(7 more)-> LUK 23:21
crowd in Jerusalem	-1		Adult			ACT 22:22 & ACT 22:24
crowd in Jerusalem on Pentecost	-1		Adult			ACT 2:37
crowd in Lystra	-1		Adult			ACT 14:11 & ACT 14:12
crowd near sea of Galilee	-1		Adult			MAT 15:31
crowd preparing for Passover Feast	-1		Adult			MAT 21:9 <-(6 more)-> JHN 12:37
crowd preparing for Passover Feast, others	-1		Adult			JHN 12:29
crowd, large (witnessed healing of widow's son)	-1		Adult			LUK 7:16
crowd, many in the	-1		Adult			MAT 20:31 <-(2 more)-> LUK 18:39
crowd, some in	-1		Adult			LUK 11:15
cured man, blind from birth	1	Male	Adult			JHN 9:9 <-(11 more)-> JHN 9:38
Cyrus, king of Persia	1	Male	Adult			2CH 36:23 <-(6 more)-> ISA 48:16
Dan	1	Male	Adult			GEN 37:8 <-(33 more)-> GEN 50:18	Son of Jacob
Daniel	1	Male	Adult			DAN 1:12 <-(98 more)-> DAN 10:19
Danites	-1		Adult			JDG 18:2 <-(2 more)-> JDG 18:25
Darius, king of Medes and Persians	1	Male	Adult			EZR 6:1 <-(15 more)-> DAN 6:27
Dathan	1	Male			son of Eliab (Reubenite)	NUM 16:3 <-(2 more)-> NUM 16:14
daughter of Zion	-1	Female				JER 4:31 <-(20 more)-> ZEP 3:17
daughters of Philip the evangelist	4	Female				ACT 20:12
daughters of Zelophehad	-1	Female				NUM 27:3 <-(1 more)-> JOS 17:4	Daughter of Zelophehad (female)
David	1	Male	Adult			1SA 17:26 <-(402 more)-> PRO 4:9
David (old)	1	Male	Elder			1KI 1:16 <-(14 more)-> 1KI 2:9
David's enemies	-1	Male				PSA 3:2 <-(12 more)-> PSA 71:11
David's men	-1	Male				1SA 23:3 <-(2 more)-> 2SA 21:17
David's supporters	-1					PSA 35:27
Deborah	1	Female			prophetess	JDG 4:6 <-(32 more)-> JDG 5:31
Delaiah	1	Male			son of Shemaiah	JER 36:15 <-(3 more)-> JER 36:25
Delilah	1	Female				JDG 16:6 <-(7 more)-> JDG 16:20
Demetrius the silversmith	1	Male				ACT 19:25 <-(1 more)-> ACT 19:27
demons (Legion)	-1	Male				MAT 8:29 <-(9 more)-> LUK 8:32	Man (Legion) Possessed
demons coming out of people	-1					LUK 4:41
disciple who wanted to bury his father	1	Male				MAT 8:21 & LUK 9:59
disciples	11	Male			Not Judas Iscariot (after Acts 1:23, this could include Matthias)	MAT 8:25 <-(105 more)-> JUD 1:18
disciples (but not Thomas)	10	Male				JHN 20:25
disciples in Ephesus, some	-1					ACT 19:2 & ACT 19:3
disciples of John the Baptist	-1	Male				MAT 9:14 <-(6 more)-> JHN 3:26	Disciple of John
disciples, some	-1					LUK 21:5
disciples, two men (from Joppa)	2	Male				ACT 9:38 & ACT 9:39
Doeg the Edomite	1	Male				1SA 22:9 <-(1 more)-> PSA 52:0
donkey (female)	1	Female				NUM 22:28 <-(1 more)-> 2PE 2:16
dream	1	Male				MAT 2:12 & MAT 2:22
dreamers	-1	Either				JUD 1:8
drunkard	1	Male				PRO 23:35
each one	1					2CO 9:7
eagle crying with loud voice	1	PreferMale				REV 8:13
ear	1	Neuter				1CO 12:16
Ebed-Melech (official of king of Judea)	1	Male			Ethiopian eunuch	JER 38:9 & JER 38:12
Edom	1	Male				NUM 20:18 <-(2 more)-> MAL 1:4
Edomites	-1					PSA 137:7
Eglon, king of Moab	1	Male				JDG 3:19
Egyptian (slave of Amalekite)	1					1SA 30:13 <-(1 more)-> 1SA 30:15
Egyptians	-1					EXO 12:33 <-(4 more)-> JER 46:16
Egyptians, all the	-1					GEN 47:15 <-(2 more)-> GEN 47:25
Ehud, Israelite deliverer	1	Male				JDG 3:19 <-(1 more)-> JDG 3:28
eighty other priests	80	Male				2CH 26:18
Ekron, people of	-1					1SA 5:10 & 1SA 5:11
Elasah, son of Shaphan	1	Male				JER 29:4 <-(18 more)-> JER 29:23
elders	-1	Male	Elder			RUT 4:11 <-(34 more)-> ACT 4:18
elders in Shechem	-1	Male	Elder			1KI 12:7 & 2CH 10:7	Elder
elders of Israel	-1	Male	Elder			EXO 16:22 <-(10 more)-> 1SA 8:6
elders of Jabesh	-1	Male	Elder			1SA 11:3	Man of Jabesh
elders of the Jews	-1	Male	Elder			LUK 7:3 <-(1 more)-> LUK 7:5
elders of the land	-1	Male	Elder			JER 26:18 <-(4 more)-> JER 26:23	Elder
elders of the town	-1	Male	Elder			DEU 21:7 <-(1 more)-> DEU 25:8
elders, Ephesian	-1	Male	Elder			ACT 20:37 & ACT 20:38
elders, one of the	1	Male	Elder			REV 5:5 <-(4 more)-> REV 7:17
Eleazar the priest, son of Aaron	1	Male	Adult			NUM 26:4 <-(3 more)-> NUM 31:24
Eleven	11	Male	Adult		This should be spoken by one of the 11 disciples (excluding Judas Iscariot). The wording suggests that it was not Simon Peter.	LUK 24:34
Eli	1	Male	Elder			1SA 1:14 <-(12 more)-> 1SA 4:16
Eliab, David's brother	1	Male				1SA 17:28
Eliakim	1	Male				2KI 18:26 <-(4 more)-> ISA 37:4
Eliezer the prophet, son of Dodavahu	1	Male				2CH 20:37
Elihu, son of Barakel	1	Male				JOB 32:6 <-(155 more)-> JOB 37:24
Elijah	1	Male				1KI 17:1 <-(48 more)-> JAS 5:17
Eliphaz the Temanite	1	Male				JOB 4:2 <-(108 more)-> JOB 22:30
Elisha	1	Male	Adult			1KI 19:20 <-(66 more)-> 2KI 9:3
Elisha (old)	1	Male	Elder			2KI 13:15 <-(3 more)-> 2KI 13:19
Elisha's messenger	1				possibly Gehazi, but not named in this passage	2KI 5:10
Elishama	1	Male			scribe	JER 36:15 <-(2 more)-> JER 36:19
Elizabeth	1	Female	Elder			LUK 1:25 <-(4 more)-> LUK 1:60
Elkanah	1	Male				1SA 1:8 & 1SA 1:23
Elnathan	1	Male			son of Achbor	JER 36:15 <-(3 more)-> JER 36:25
Elymas	1	Male			magician	ACT 13:8
enemies of God	-1					PSA 74:8 & LAM 2:16
enemies of Israel	-1					PSA 83:4 <-(2 more)-> EZK 36:2
enemies of Judah and Benjamin	-1	Male				EZR 4:2 & NEH 4:11
enemy (female)	1	Female				MIC 7:10
Enoch	1	Male				JUD 1:14 & JUD 1:15
Ephraim	-1	Male			The tribe (collectively personified), not the actual tribal forefather, nor a specific descendent	ISA 7:6 <-(3 more)-> HOS 12:8
Ephraimites	-1				i.e., specific/individual men of the tribe of Ephraim	JDG 8:1 <-(3 more)-> JDG 12:6	Ephraimite
Ephron the Hittite	1	Male				GEN 23:11 & GEN 23:15
Epicurean and Stoic philosophers	-1					ACT 17:19 & ACT 17:20	Philosopher
Epicurean and Stoic philosophers, interested	-1					ACT 17:32
Epicurean and Stoic philosophers, other	-1					ACT 17:18
Epicurean and Stoic philosophers, sneering	-1					ACT 17:32
Epicurean and Stoic philosophers, some	-1					ACT 17:18
Esau	1	Male	Adult			GEN 25:30 <-(12 more)-> GEN 33:15
Esther, queen	1	Female	Adult			EST 4:11 <-(9 more)-> EST 9:13
Ethan	1	Male	Adult			
Ethiopian officer of Queen Candace	1	Male				ACT 8:31 <-(3 more)-> ACT 8:38	Foreigner
Ethiopians	-1					ISA 45:14 & ISA 45:15
eunuch	-1					ISA 56:3
Eve	1	Female	Adult			GEN 3:2 <-(3 more)-> GEN 4:25
every created thing	-1					REV 5:13
every tongue	-1					ISA 45:24
everyone	-1					JER 6:14 <-(5 more)-> PHP 2:11
everyone in Judean hills who heard	-1					LUK 1:65 & LUK 1:66
everyone seeing healing of paralyzed man	-1					LUK 5:26
everyone who saw healing of paralytic	-1					MRK 2:12
everyone who witnessed healing of boy	-1					LUK 9:43
evil men and troublemakers	-1	Male				1SA 30:22
evil spirit in possessed man	1	Male				ACT 19:15
evil spirits	-1					MRK 1:34 & MRK 3:11
exiles	-1					ISA 48:20
expert in religious law	1	Male			also "lawyer" (Gr. nomikos)	MAT 22:33 <-(7 more)-> LUK 10:37
experts in religious law, one of the	1	Male			also "lawyer" (Gr. nomikos)	LUK 11:45
explorers, ten	10	Male				NUM 13:27 <-(4 more)-> NUM 13:33
eye	1	Neuter				1CO 12:21
Ezekiel	1	Male				EZK 3:27 <-(657 more)-> EZK 48:29
Ezra, priest and teacher	1	Male				EZR 5:4 <-(15 more)-> NEH 8:15	Ezra
false prophets	-1	Male				JER 14:13 <-(15 more)-> ZEC 13:6
false teachers	-1					1TI 4:3
false witnesses	-1					ACT 6:13 & ACT 6:14
false witnesses, many	-1					MRK 14:56
family heads of Gilead	-1	Male				NUM 36:2 <-(1 more)-> NUM 36:4
father of accused daughter	1	Male				DEU 22:16 & DEU 22:17
father of concubine	1	Male				JDG 19:5 <-(2 more)-> JDG 19:9	Father in Law
father of cured man, blind from birth	1	Male				
father of demon-possessed boy	1	Male				MAT 17:15 <-(8 more)-> LUK 9:40
father of false prophet	1	Male				ZEC 13:3
Felix, governor of Judea	1	Male				ACT 23:34 <-(6 more)-> ACT 24:27
fellow prophet who refused to strike him	1	Male				1KI 20:35
Festus, governor of Judea	1	Male				ACT 25:4 <-(19 more)-> ACT 26:31
figure like that of a man (in vision)	1	Male			Default character should be Jesus	EZK 8:5 <-(8 more)-> EZK 9:1
fir trees and cedars of Lebanon	-1	Neuter				ISA 14:8	Tree
flatterers	-1					PSA 12:4
follower of Apollos	1					1CO 1:12 & 1CO 3:4
follower of Cephas (Peter)	1					1CO 1:12
follower of Christ	1					1CO 1:12
follower of Paul	1					1CO 1:12 & 1CO 3:4
followers of Jesus	-1					LUK 22:49
Folly	-1	Female				PRO 9:16 & PRO 9:17
fool	1					PSA 14:1 <-(1 more)-> ECC 7:10
foot	1	Neuter				1CO 12:15
foreigner who has joined himself to Yahweh	-1	Male				ISA 56:3	Foreigner
foreman	1	Male				RUT 2:6 & RUT 2:7
formerly mute demon-possessed man	1	Male				LUK 11:14
fortune telling slave girl	1	Female	YoungAdult			ACT 16:17
friends of Haman	-1	PreferMale				EST 5:14 & EST 6:13
Gaal, son of Ebed	1	Male				JDG 9:28 <-(2 more)-> JDG 9:37
Gabriel	1	Male				DAN 8:17 <-(28 more)-> LUK 1:37
Gad	1	Male			son of Jacob	GEN 37:8 <-(33 more)-> GEN 50:18	Gad, son of Jacob
Gad the prophet, David's seer	1	Male				1SA 22:5 <-(3 more)-> 1CH 21:12	Gad
Gadarene (or Gerasenes) people	-1					MAT 8:34 <-(2 more)-> LUK 8:37
Gadites	-1	Male				NUM 32:3 <-(21 more)-> JOS 22:29
Gallio, proconsul of Achaia	1	Male				ACT 18:14 & ACT 18:15	Governor
Gamaliel	1	Male				ACT 5:34 <-(4 more)-> ACT 5:39
Gaza, people of (wicked)	-1					JDG 16:2	Philistine
Gedaliah, governor of Judah	1	Male			son of Ahikam, son of Shaphan	2KI 25:24 <-(2 more)-> JER 40:16
Gedaliah, son of Pashur	1	Male				JER 38:4 & JER 38:25
Gehazi	1	Male				2KI 4:14 <-(7 more)-> 2KI 8:5
Gemariah, son of Hilkiah	1	Male				JER 29:4 <-(18 more)-> JER 29:23
Gemariah, son of Shaphan	1	Male				JER 36:15 <-(3 more)-> JER 36:25
Gentiles	-1					ACT 13:48
Gentiles, Jews, and leaders at Iconium	-1					ACT 14:5
Geshem the Arab	1	Male				NEH 2:19 <-(2 more)-> NEH 6:9
Gibeonites	-1	Male				JOS 9:6 <-(11 more)-> 2SA 21:6
Gideon (Jerubbaal)	1	Male				JDG 6:13 <-(21 more)-> JDG 8:24
Gilead, elders of	-1	Male				JDG 11:6 <-(1 more)-> JDG 11:10	Elder
Gilead, leaders of	-1	Male				JDG 10:18	Elder
Gilead, men of	-1	Male				JDG 12:5 & JDG 12:6	Gileadite
God	1	Male		Y		GEN 1:3 <-(5886 more)-> REV 21:8
God's chosen (beloved) friend or ally	1	Male				ISA 48:16
Gog	1	Male				EZK 38:11 & EZK 38:12
Goliath, Philistine champion	1	Male	Adult			1SA 17:8 <-(3 more)-> 1SA 17:44
Good Priest	1	Male			Many quotes resolve to this pseudo-character by default	
great company of heavenly host	-1		Adult			LUK 2:14
Grecian Jews	-1	Either				ACT 6:1 & ACT 6:5
Greeks	-1	Male				JHN 12:21	Foreigner
guardians of Ahab's sons	-1	Male				2KI 10:4 & 2KI 10:5
guards at high priests' house	-1	Male	Adult			LUK 22:64
Habakkuk	1	Male				HAB 1:2 <-(40 more)-> HAB 3:19
Hadad the Edomite	1	Male				1KI 11:21 & 1KI 11:22
Hagar, Sarai's maid	1	Female				GEN 16:8 <-(1 more)-> GEN 21:16
Haggai	1	Male				HAG 1:2 <-(28 more)-> HAG 2:23
half-tribe of Manasseh	-1	Male				JOS 1:16 <-(9 more)-> JOS 22:29
Haman, highest noble to Xerxes, king	1	Male				EST 3:8 <-(7 more)-> EST 6:11
Hamor, Hivite ruler	1	Male				GEN 34:8 <-(4 more)-> GEN 34:23
Hanamel (Jeremiah's cousin)	1	Male				JER 32:8
Hanani the seer	1	Male			father of Jehu	2CH 16:7 <-(1 more)-> 2CH 16:9	Hanani (prophet)
Hanani, brother of Nehemiah	1	Male				NEH 1:3
Hananiah, false prophet	1	Male				JER 28:2 <-(2 more)-> JER 28:11
Hannah	1	Female				1SA 1:11 <-(17 more)-> 1SA 2:10
Harbona, eunuch attending Xerxes, king	1	Male				EST 7:9	Eunuch
harvesters	-1	Male				RUT 2:4
Hazael of Aram	1	Male			Annointed King of Aram/Syria by Elijah; assasinated Ben Hadad II about 16 years later	2KI 8:9 <-(2 more)-> 2KI 8:14
head	1	Neuter				1CO 12:21
heads of all the families	-1	Male				NEH 8:15
hearers	-1					ISA 28:9 & ISA 28:10
Hellenists in Antioch	-1	Male			Gr. Hellēnistēs	ACT 11:21
herald	1	Male				DAN 3:4 <-(2 more)-> NAM 1:15
herdsman	1	Male				GEN 26:20
herdsmen of pigs	-1	Male				MAT 8:33 <-(3 more)-> LUK 8:36
Herod Antipas (the tetrarch)	1	Male				MAT 14:2 <-(16 more)-> LUK 23:11
Herod the Great	1	Male				MAT 2:4 <-(2 more)-> MAT 2:16
Herodias	1	Female				MAT 14:8 <-(1 more)-> MRK 6:24
Herodias' daughter	1	Female				MAT 14:8 <-(1 more)-> MRK 6:25
Heshbon, people of	-1	Male				JER 48:2
Hezekiah, king of Judah	1	Male				2KI 18:14 <-(52 more)-> ISA 39:8	Hezekiah
high priest	1	Male			Not a particular (historical) high priest, but rather an arbitrary (hypothetical) holder of that office	HEB 9:7
high priest's servant (relative of the man whose ear Peter cut off)	1	Male				MAT 26:73 <-(2 more)-> JHN 18:26
Hilkiah, high priest	1	Male				2KI 22:8 & 2CH 34:15
him who hears	1	Male				REV 22:17
Hirah, the Adullamite	1	Male				GEN 38:21 & GEN 38:22
Hiram, king of Tyre	1	Male				1KI 5:7 <-(8 more)-> 2CH 2:16
Hittites	-1	Male				GEN 23:6
Hobab, Moses brother-in-law	1	Male				NUM 10:30
holy one (in vision)	1	Male				DAN 4:14 <-(3 more)-> DAN 8:14
Holy Spirit, the	1	Male		Y		EZK 3:24 <-(41 more)-> REV 22:17
horseman, first	1	Male				2KI 9:18
horseman, second	1	Male				2KI 9:19
Hosea	1	Male				HOS 2:13 <-(24 more)-> HOS 9:17
house of Aaron, the	-1	Male				PSA 118:3
Huldah, prophetess	1	Female				2KI 22:15 <-(10 more)-> 2CH 34:28
husband accusing wife	1		Adult			DEU 22:14
husband of excellent wife	-1		Adult			PRO 31:29
husband of Shunammite	1	Male				2KI 4:19 & 2KI 4:23	Father
Hushai, David's friend	1	Male				2SA 16:16 <-(10 more)-> 2SA 17:16
hymn, early creedal	1	PreferMale				1TI 3:16
idolaters from Judah (men)	-1	Male				JER 44:16 <-(2 more)-> JER 44:25
idolaters from Judah (women)	-1	Female				JER 44:16 <-(2 more)-> JER 44:19
immoral woman	1	Female				PRO 7:14 <-(6 more)-> PRO 30:20
informer	-1	PreferMale				JDG 15:6 <-(11 more)-> ACT 21:31
inhabitant of valley	-1	PreferMale				JER 21:13
inhabitants of Egyptian and Ethiopian coastlands	-1	Male				ISA 20:6
inscription on forehead of Babylon	1	PreferFemale				REV 17:5
invaders	-1	Male				JER 6:4 & JER 6:5
invalid for 38 years	1	Male				JHN 5:7 <-(2 more)-> JHN 5:15
Irijah, captain of the guard of Judah	1	Male				JER 37:13
Isaac	1	Male	Adult			GEN 22:7 <-(5 more)-> HEB 11:20
Isaac (old)	1	Male	Elder			GEN 27:1 <-(23 more)-> GEN 28:6
Isaiah	1	Male				2KI 19:6 <-(430 more)-> ISA 66:6
Ish-Bosheth, son of Saul	1	Male				2SA 3:7
Ishmael, son of Nethaniah (murderer)	1	Male				JER 41:6
islanders	-1					ISA 41:6
Israel	-1					NUM 21:17 <-(70 more)-> MAL 1:2	Israelite
Israel, all	-1					1SA 12:4 <-(8 more)-> JER 13:12
Israel, all the tribes	-1	Male				2SA 5:1 & 2SA 5:2
Israel, fathers of	-1	Male				JER 2:6
Israel, leaders of	-1	Male				JOS 9:19 <-(2 more)-> 2CH 12:6
Israel, men of	-1	Male				JOS 9:7 <-(7 more)-> EZK 12:27
Israelite army commanding officers	-1	Male				NUM 31:49 & NUM 31:50
Israelite assembly	-1	Male				JDG 21:10 & JDG 21:11
Israelite assembly, elders of	-1	Male	Elder			JDG 21:16 <-(5 more)-> JDG 21:22	Elder
Israelite community	-1					NUM 14:2 <-(4 more)-> PSA 78:20
Israelite fighting men	-1	Male				JDG 7:20
Israelite foremen	-1	Male				EXO 5:15 <-(1 more)-> EXO 5:21
Israelite officers	-1	Male				JOS 3:3 & JOS 3:4
Israelite soldier in Saul's army	1	Male				1SA 14:28
Israelite spies from house of Joseph	-1	Male				JDG 1:24
Israelite spies from Joshua, two men	2	Male				JOS 2:14 <-(4 more)-> JOS 2:24
Israelite spies Joshua sent to Ai	-1	Male	Adult			JOS 7:3
Israelites	-1					EXO 14:11 <-(76 more)-> 1KI 20:8
Israelites (excluding Benjamites)	-1	Male				JDG 20:23 & JDG 20:28
Israelites (soldiers)	-1	Male				1SA 14:36 <-(2 more)-> 1SA 17:25
Israelites, some	-1	Male				NUM 9:7
Issachar	1	Male	Adult			GEN 37:8 <-(33 more)-> GEN 50:18
Ittai	1	Male				2SA 15:21
Jabez	1	Male				1CH 4:10
Jabez's mother	1	Female				1CH 4:9
Jacob (Israel)	1	Male				GEN 25:31 <-(142 more)-> GEN 49:32
Jael	1	Female				JDG 4:18 & JDG 4:22
Jahaziel	1	Male				2CH 20:15 <-(1 more)-> 2CH 20:17
jailer in Philippi	1	Male				ACT 16:27 <-(2 more)-> ACT 16:36
Jairus (synagogue leader)	1	Male				MAT 9:18 <-(2 more)-> LUK 8:41
Jairus' wife	1	Female				MRK 5:42
James	1	Male			The brother of Jesus and author of the book of James	JHN 21:5 <-(16 more)-> GAL 2:10
James, the disciple	1	Male			Do not confuse with James (the brother of Jesus and author of the book of James)	MAT 17:10 <-(11 more)-> JHN 21:3
Jebusites	-1	Male				2SA 5:6 <-(1 more)-> 1CH 11:5	Jebusite
Jehizkiah	1	Male			leader in Ephraim	2CH 28:13
Jehoash, king of Israel	1	Male				2KI 13:14 <-(3 more)-> 2CH 25:19
Jehoiada the priest	1	Male				2KI 11:5 <-(10 more)-> 2CH 23:14
Jehoiada's sons	-1	Male				2CH 23:11
Jehonadab, son of Rechab	1	Male				2KI 10:15
Jehoshaphat, king of Judah	1	Male				1KI 22:4 <-(23 more)-> 2CH 20:20
Jehu, son of Hanani	1	Male				2CH 19:2 & 2CH 19:3	Jehu (prophet)
Jehu, son of Nimshi	1	Male				2KI 9:5 <-(30 more)-> 2KI 10:25	Jehu
Jehucal	1	Male			son of Shelemiah	JER 37:3 <-(1 more)-> JER 38:25
Jehudi	1	Male				JER 36:14
Jephthah	1	Male				JDG 11:7 <-(7 more)-> JDG 12:4
Jephthah's daughter	1	Female	YoungAdult		youth	JDG 11:36 & JDG 11:37
Jephthah's half-brothers	-1	Male				JDG 11:2	Son of Gilead
Jeremiah	1	Male				JER 1:6 <-(709 more)-> LAM 3:66
Jeremiah's enemies	-1	Male				JER 17:15 <-(1 more)-> JER 20:10
Jeremiah's friends (bad)	-1	PreferMale				JER 20:10
Jeroboam	1	Male				1KI 12:4 <-(10 more)-> 2CH 10:16
Jerusalem (personified)	1	Male				JER 51:34 & JER 51:35
Jeshua	1	Male				EZR 4:3
Jesse	1	Male				1SA 16:11 <-(2 more)-> 1SA 17:19
Jesus	1	Male	Adult	Y		JOS 5:14 <-(2141 more)-> REV 22:20
Jesus (child)	1	Male	Child	Y	youth (12)	LUK 2:49	Child (Jesus)
Jesus' brothers	4	Male				JHN 7:3 & JHN 7:4
Jesus' family	-1	Either				MAT 12:46 <-(1 more)-> MRK 3:31
Jethro (Reuel), Moses' father-in-law	1	Male				EXO 2:18 <-(12 more)-> EXO 18:23
Jewish leaders	-1	Male				ACT 25:3 & ACT 25:7
Jewish leaders in Pisidian Antioch	-1	Male				ACT 13:45 & ACT 13:50
Jews from Asia	-1					ACT 21:28
Jews of Berea	-1				noble	ACT 17:11 & ACT 17:14
Jews of Cyrene, Alexandria, Cilicia & Asia	-1					ACT 6:11
Jews who had been with Mary and Martha	-1					JHN 11:31 <-(1 more)-> JHN 12:17
Jews who had been with Mary and Martha, some	-1					JHN 11:37
Jews who had believed Jesus	-1					JHN 8:33 <-(1 more)-> JHN 8:41
Jews, God-fearing from every nation	-1					ACT 2:7 <-(4 more)-> ACT 2:12
Jews, God-fearing from every nation, some	-1					ACT 2:13
Jews, leaders of the (in Rome)	-1	Male				ACT 28:21 & ACT 28:22
Jews, many	-1					JHN 10:20
Jews, more than forty in conspiracy	-1	Male				ACT 23:12 <-(1 more)-> ACT 23:15	Assassin
Jews, other	-1					JHN 10:21
Jews, the	-1	Male				EZR 5:4 <-(46 more)-> ROM 3:5
Jezebel	1	Female				1KI 19:2 <-(5 more)-> 2KI 9:31
Joab	1	Male				2SA 2:14 <-(34 more)-> 1CH 21:3
Joab's men, one of	1	Male				2SA 20:11
Joah	1	Male				2KI 18:26 & ISA 36:11
Joash, father of Gideon (Jerubbaal)	1	Male				JDG 6:31 & JDG 6:32	Joash
Joash, king of Judah	1	Male			Also called Jehoash, but not to be confused by the king of Israel with that name	2KI 12:4 <-(3 more)-> 2CH 24:6	Joash (king)
Job	1	Male				JOB 1:5 <-(509 more)-> JOB 42:6
Job's wife	1	Female				JOB 2:9
Joel	1	Male				JOL 3:9 <-(1 more)-> JOL 3:11
Johanan	1	Male			son of Kareah	JER 40:14 <-(6 more)-> JER 43:3
John	1	Male				MAT 17:10 <-(35 more)-> GAL 2:10
John the Baptist	1	Male				MAT 3:2 <-(48 more)-> JHN 3:36
John, Alexander, and other men of the high priest's family	-1	Male				ACT 4:7 <-(4 more)-> ACT 4:18
Jonadab	1	Male				2SA 13:4 <-(3 more)-> 2SA 13:35
Jonah	1	Male				JON 1:9 <-(14 more)-> JON 4:9
Jonathan	1	Male				1SA 14:1 <-(35 more)-> 1SA 23:17
Jonathan's armor bearer	1	Male				1SA 14:7	Armor-bearer
Jonathan, son of Abiathar	1	Male				2SA 17:21 <-(5 more)-> 1KI 1:48	Jonathan (priest)
Joram (Jehoram), king of Israel	1	Male				2KI 3:7 <-(16 more)-> 2KI 9:23	Jehoram
Joram, son of Toi	1	Male				2SA 8:10
Joseph	1	Male				GEN 37:6 <-(84 more)-> EXO 13:19
Joseph of Arimathaea	1	Male				MAT 27:58 <-(4 more)-> JHN 19:38
Joseph, people of	1	Male				JOS 17:14 & JOS 17:16
Joseph, the carpenter	1	Male			Jesus' earthly father	MAT 1:19 <-(1 more)-> LUK 2:44
Joshua	1	Male	Adult			EXO 32:17 <-(69 more)-> JOS 22:8
Joshua (old)	1	Male	Elder			JOS 23:2 <-(32 more)-> JOS 24:27
Josiah, king of Judah	1	Male				2KI 22:4 <-(12 more)-> 2CH 35:23
Jotham, son of Gideon (Jerubbaal)	1	Male				JDG 9:7 <-(12 more)-> JDG 9:20
Judah	1	Male				GEN 37:8 <-(66 more)-> GEN 50:18
Judah, all	-1	Either			Personification of Judah as adulteress	JER 13:12 & JER 13:22
Judah, leaders of	-1	Male				ZEC 12:5
Judah, men of	-1	Male				JDG 1:3 <-(8 more)-> JER 18:12	Judean
Judah, people in	-1					NEH 4:10
Judah, people of	-1					JER 5:12 <-(4 more)-> HAG 1:2
Judah, remnant of	-1					JER 42:13 <-(1 more)-> JER 42:20
Judah, repentant leaders	-1	Male				ZEC 1:6
Judaizers	-1	Male				GAL 6:12
Judas Iscariot	1	Male				MAT 26:15 <-(9 more)-> JHN 12:5
Judas, apostle (not Judas Iscariot)	1	Male				JHN 14:22	Judas (not Iscariot)
judge (corrupt)	1	Male				PRO 24:24 & MIC 7:3
Julius	1	Male			centurian of the Augustan band	ACT 27:3
king	1	Male				PRO 25:7
King Herod Agrippa II	1	Male				ACT 12:4 <-(6 more)-> ACT 26:32	King Agrippa
King Lemuel	1	Male				PRO 31:1 <-(29 more)-> PRO 31:31
King Lemuel's mother	1	Female				PRO 31:2 <-(28 more)-> PRO 31:31	Mother of King Lemuel (female)
king of Babylon	1	Male				ISA 14:13 & ISA 14:14
king of Bela	1	Male				GEN 14:4
king of Jericho	1	Male				JOS 2:3
king of Nineveh	1	Male				JON 3:7 <-(1 more)-> JON 3:9
king of the Ammonites	1	Male				JDG 11:13
King Xerxes' personal servants	-1	Male	Adult			EST 2:2 <-(3 more)-> EST 6:5
King Xerxes' servants at the gate	-1	Male				EST 3:3
kings of the earth	-1	Male				PSA 2:3 & REV 18:10
kings over the nations	-1	Male				ISA 14:10
kings, princes, generals, rich, powerful, slave and free	-1	Male				REV 6:16 & REV 6:17
kinsman-redeemer	1	Male				RUT 4:4 <-(1 more)-> RUT 4:8	Near Kinsman
Kish, father of Saul	1	Male				1SA 9:3
Korah	1	Male			son of Izhar, son of Kohath, son of Levi	NUM 16:3
Laban	1	Male				GEN 24:31 <-(29 more)-> GEN 31:53
Laban's sons	-1	Male				GEN 31:1
Lamech (descendent of Cain)	1	Male				GEN 4:23 & GEN 4:24	Lamech 1st
Lamech (descendent of Seth)	1	Male				GEN 5:29	Lamech 2nd
leaders	-1	Male				EZR 9:1 <-(4 more)-> LUK 19:47
leaders, many	-1	Male				JHN 12:42
Leah	1	Female				GEN 29:32 <-(11 more)-> GEN 31:16
leech's two daughters	2	Female				PRO 30:15
leper	1	Male				MAT 8:2 <-(2 more)-> LUK 5:12	Man (Leper)
leper, thankful Samaritan	1	Male				LUK 17:15 & LUK 17:16	Man (Leper) Healed
lepers, ten	10	Male				LUK 17:13	Man (Leper)
letter from apostles and elders	1	PreferMale				ACT 15:23 <-(5 more)-> ACT 15:29
Levi	1	Male				GEN 34:14 <-(38 more)-> GEN 50:18	Son of Jacob
Levite husband of concubine	1	Male				JDG 19:12 <-(7 more)-> JDG 20:7
Levite, young, from Bethlehem	1	Male	YoungAdult			JDG 17:9 <-(2 more)-> JDG 18:18
Levites	8	Male				2CH 7:6 <-(60 more)-> JHN 1:25
Levites, family heads of	-1	Male				JOS 21:2
living creature, first	1					REV 4:8 <-(4 more)-> REV 19:4
living creature, fourth	1					REV 4:8 <-(4 more)-> REV 19:4
living creature, second	1					REV 4:8 <-(4 more)-> REV 19:4
living creature, third	1					REV 4:8 <-(4 more)-> REV 19:4
lookout	1	Male				ISA 21:8 <-(1 more)-> ISA 21:10	Watchman
lookout in Jezreel	1	Male				2KI 9:17 <-(1 more)-> 2KI 9:20
Lot	1	Male				GEN 19:2 <-(5 more)-> GEN 19:20
Lydia	1	Female				ACT 16:15
lying words	-1	Male				JER 7:4
Macedonian	1	Male				ACT 16:9
magi (wise men from East)	-1	Male				MAT 2:2	Wise Man
magicians	-1	Male				EXO 8:19
magistrates, chief	-1	Male				ACT 16:39
maidens	-1	Female	YoungAdult			SNG 1:4 <-(16 more)-> SNG 8:9	Daughter of Jerusalem (female)
Makir	1	Male			son of Ammiel from Lo Debar	2SA 17:29
Malachi	1	Male				MAL 1:9
Malta islanders	-1					ACT 28:4 & ACT 28:6
man (at Shechem)	1	Male				GEN 37:15 & GEN 37:17
man (Hebrew fighting)	1	Male				EXO 2:14	Hebrew
man (hypothetical)	1	Male				ECC 8:4 <-(7 more)-> ZEC 13:6
man all alone	1	Male				ECC 4:8
man answered David	1	Male				2SA 11:3
man delivered from Legion of demons	1	Male			Account in Matthew 8 indicates that there were two men, but since other accounts only have 1, best to keep as single voice.	MAT 8:29 <-(12 more)-> LUK 8:38
man escaped from Jerusalem	1	Male				EZK 33:21
man in linen above river	1	Male				DAN 10:11 <-(60 more)-> DAN 12:13
man in linen with writing kit (in vision)	1	Male				EZK 9:11
man like bronze with measuring rod (in vision)	1	Male				EZK 40:4 <-(13 more)-> EZK 47:12
man of Gibeah	1	Male				1SA 10:12
man of God (prophet to Amaziah)	1	Male				2CH 25:7 <-(1 more)-> 2CH 25:9
man of God (prophet to Eli)	1	Male				1SA 2:27 <-(8 more)-> 1SA 2:36
man of God (prophet to the king of Israel)	1	Male				1KI 20:28
man of God from Judah	1	Male				1KI 13:2 <-(5 more)-> 1KI 13:17
man of lawlessness	1	Male				2TH 2:4
man possessed by evil spirit	1	Male				MRK 1:24 & LUK 4:34
man reporting to David	1	Male				2SA 13:30
man who builds his house by unrighteousness	1	Male				JER 22:14
man who says 'I know him'	1	Male				1JN 2:4
man who says 'we remain in union with God'	1	Male				1JN 2:6
man with measuring line (in vision)	1	Male				ZEC 2:2
man with sponge	1	Male				MRK 15:36
man's brother (hypothetical)	1	Male				ISA 3:7
man's voice from the Ulai (in vision)	1	Male				DAN 8:16
man, deceitful	1	Male				PRO 26:19
man, still another	1	Male				LUK 9:61
man, wicked	1	Male				PSA 10:4 <-(2 more)-> PSA 10:13
Manoah's wife, mother of Samson	1	Female				JDG 13:6 <-(4 more)-> JDG 14:3	Mother of Samson (female)
Manoah, father of Samson	1	Male				JDG 13:8 <-(5 more)-> JDG 14:3	Manoah
many in crowd	-1					MRK 9:26
many Samaritans	-1					JHN 4:40 & JHN 4:42
Martha	1	Female				LUK 10:38 <-(8 more)-> JHN 11:39
Mary Magdalene	1	Female				MRK 16:3 <-(10 more)-> JHN 20:18
Mary mother of James	1	Female				MRK 16:3 <-(2 more)-> LUK 24:11
Mary, Jesus' mother	1	Female				LUK 1:29 <-(18 more)-> JHN 2:5	Mary (Jesus' Mother)
Mary, sister of Martha	1	Female				JHN 11:3 <-(1 more)-> JHN 11:34
master of the banquet	1	Male				JHN 2:9 & JHN 2:10
Melchizedek, king of Salem (priest of God Most High)	1	Male				GEN 14:19 <-(1 more)-> HEB 7:1
Memucan, noble advisor to Xerxes, king	1	Male				EST 1:16 <-(3 more)-> EST 1:20
men	-1	Male				NEH 5:2 <-(2 more)-> LAM 4:15	Man
men (soldiers) standing near David	-1	Male				1SA 17:27
men appointed to sing and praise	-1	Male				2CH 20:21
men dressed in white, two (angels)	2	Male	Adult			ACT 1:11
men from Cornelius	3	Male				ACT 10:17 <-(1 more)-> ACT 10:22
men from Jairus' house	-1	Male				MRK 5:35 & LUK 8:49
men from Judea, some	-1	Male				ACT 15:1
men in Capernaum synagogue	-1	Male				MRK 1:27 <-(1 more)-> LUK 4:36
men in mourning, ten of eighty	10	Male				JER 41:8
men in Nazareth synagogue	-1	Male				MAT 13:54 <-(3 more)-> MRK 6:3
men of Anathoth	-1	Male			people who wanted to kill Jeremiah	JER 11:19 & JER 11:21
men of Ashdod	-1	Male				1SA 5:7 <-(2 more)-> NEH 6:9
men of Babel	-1	Male				GEN 11:3 & GEN 11:4
men of Bethel	-1	Male				2KI 23:17 & ZEC 7:3
men of David	-1	Male				2SA 18:3
men of David, one	1	Male				2SA 18:10 <-(1 more)-> 2SA 18:13
men of Enaim	-1	Male				GEN 38:21
men of Gennesaret	-1	Male				MAT 14:35
men of Gerar	-1	Male				GEN 26:7
men of Jabesh	-1	Male				1SA 11:1 & 1SA 11:10
men of Jericho	-1	Male				2KI 2:19
men of Sodom (wicked)	-1	Male				GEN 19:5 & GEN 19:9	Sodomite
men who are complacent	-1	Male				ZEP 1:12
men who have gone astray	-1	Male				2TI 2:18
men with leprosy, four	4	Male				2KI 7:3 <-(2 more)-> 2KI 7:10	Leper
men, large force of	-1	Male				2CH 32:4
men, many	-1	Male				PSA 4:6
men, other	-1	Male				NEH 5:3
men, some	-1	Male				2CH 20:2 & 2CH 22:9
men, still others	-1	Male				NEH 5:4 & NEH 5:5
Mephibosheth, son of Jonathan	1	Male				2SA 9:6 <-(4 more)-> 2SA 19:30
merchants of the earth	-1	PreferMale				REV 18:14 <-(2 more)-> REV 18:17
Meshach	1	Male			original Hebrew name: Mishael	DAN 3:16 <-(1 more)-> DAN 3:18
message from Tamar, daughter-in-law of Judah	1	PreferFemale				GEN 38:25
message to Saul	1	Male				1SA 19:19
messenger	-1					2CH 18:12 <-(8 more)-> JER 27:11
messenger from battle to David	1	Male				2SA 11:23 & 2SA 11:24
messenger from guardians of Ahab's children	1	Male				2KI 10:8	Messenger
messenger of Ahab, king of Israel	1	Male				1KI 22:13
messenger to Abimelech	1	Male				JDG 9:47
messenger to Abraham	1	Male				GEN 22:20 <-(1 more)-> GEN 22:22
messenger to David	1	Male				2SA 15:13
messenger to Jesus	1	Male				MAT 4:12
messenger to Job	1	Male				JOB 1:14 & JOB 1:15	Messenger
messenger to Job, another	1	Male				JOB 1:16	Messenger
messenger to Job, still another	1					JOB 1:17	Messenger
messenger to Job, yet another	1					JOB 1:18 & JOB 1:19	Messenger
messenger to king of Jericho	1	Male				JOS 2:2
messenger to Saul	1	Male				1SA 23:7 & 1SA 23:27
messenger to the king and to the queen mother	1	Male				JER 13:18 & JER 13:19
messenger, Cushite	1	Male				2SA 18:31 & 2SA 18:32	Cushite
messengers from Jephthah	-1	PreferMale				JDG 11:12 <-(12 more)-> JDG 11:27
messengers Israel sent to Amorite king Sihon	-1	PreferMale				NUM 21:22
messengers Moses sent to king of Edom	-1	Male				NUM 20:14 <-(3 more)-> NUM 20:19
messengers of Ahaziah	-1	Male				2KI 1:6 & 2KI 1:8
messengers of Ben-Hadad, king of Aram	-1	Male				1KI 20:2 <-(3 more)-> 1KI 20:10
messengers of Jabesh	-1	Male				1SA 11:4 & 1SA 11:9
messengers of Saul	-1	Male				1SA 11:7
messengers sent by Jacob	-1	Male				GEN 32:6
messenger telling about Zimri's conspiracy	1	Male				1KI 16:16
messengers to Jezebel	-1	Male				1KI 21:14
messengers to Joab	-1	PreferMale				2SA 3:23
messengers to Saul	-1	PreferMale				1SA 14:33
Micah of Ephraim	1	Male				JDG 17:2 <-(3 more)-> JDG 18:24
Micah's mother	1	Female				JDG 17:2 & JDG 17:3
Micah, prophet	1	Male			from Moresheth-Gath	JER 26:18 <-(53 more)-> MIC 6:9	Micah (prophet)
Micaiah, son of Imlah	1	Male				1KI 22:14 <-(18 more)-> 2CH 18:27
Michael, archangel	1	Male				JUD 1:9
Michal, David's wife	1	Female				1SA 19:11 <-(2 more)-> 2SA 6:20	Michal (female)
Midianite soldier who had a dream	1	Male				JDG 7:13
Midianite soldier who interprets dream	1	Male				JDG 7:14
midwife of Rachel	1	Female				GEN 35:17
midwife of Tamar, daughter-in-law of Judah	1	Female				GEN 38:28 & GEN 38:29
Miriam	1	Female	Adult			EXO 15:21 <-(1 more)-> NUM 12:2
Miriam (young)	1	Female	Child			EXO 2:7
Moabite officials	-1	Male				NUM 22:14
Moabite officials, more distinguished	-1	Male				NUM 22:16 & NUM 22:17
Moabites	-1	Male				NUM 22:4 <-(4 more)-> EZK 25:8
Moabitesses (female)	-1	Female				ISA 16:3 & ISA 16:4	Daughter of Moab (female)
mob	-1	PreferMale				ACT 17:6 & ACT 17:7
molded thing	1					ROM 9:20
Mordecai, cousin of Esther	1	Male				EST 4:13 & EST 4:14
Moses	1	Male				EXO 2:13 <-(1186 more)-> NEH 8:15
mother of cured man, blind from birth	1	Female				JHN 9:20 <-(2 more)-> JHN 9:23
mother of false prophet	1	Female				ZEC 13:3
mother of the sons of Zebedee (James and John)	1	Female				MAT 20:20 & MAT 20:21
mourners	-1					JER 34:5
multitude from all nations, tribes, peoples, languages	-1					REV 7:10
musicians	-1					PSA 87:7
Naaman	1	Male				2KI 5:4 <-(6 more)-> 2KI 5:23
Naaman's servants	-1	Male				2KI 5:4 & 2KI 5:13
Nabal	1	Male				1SA 25:10 & 1SA 25:11
Naboth	1	Male				1KI 21:3 & 1KI 21:4
Nahash the Ammonite	1	Male				1SA 11:2
Nahum	1	Male				NAM 1:12 <-(16 more)-> NAM 3:19
Naomi	1	Female				RUT 1:8 <-(16 more)-> RUT 3:18
Naphtali	1	Male				GEN 37:8 <-(33 more)-> GEN 50:18
Nathan	1	Male				2SA 7:3 <-(20 more)-> 1CH 17:2
Nathanael	1	Male				JHN 1:46 <-(3 more)-> JHN 21:5
nations	-1	PreferMale				DEU 4:6 <-(14 more)-> ZEC 8:23
nations, neighboring (reply)	-1	PreferMale				JER 22:9
Nebuchadnezzar, king of Babylon	1	Male				JER 39:12 <-(58 more)-> DAN 4:37
Nebuzaradan	1	Male				JER 39:14 <-(3 more)-> JER 40:5
Neco, king of Egypt	1	Male				2CH 35:21	Ambassador
Nehemiah	1	Male				NEH 1:2 <-(47 more)-> NEH 13:31
neighboring nations around Moab	-1					JER 48:17
neighbors and relatives of Elizabeth and Zacharias (Zechariah)	-1	Either				LUK 1:58 <-(2 more)-> LUK 1:62
neighbors of man blind from birth	-1					JHN 9:8 <-(1 more)-> JHN 9:12
neighbors of man blind from birth, others	-1					JHN 9:9
neighbors of man blind from birth, some	-1					JHN 9:9
news giver to Jacob	1	Male				GEN 48:2
news giver to Joseph	1	Male				GEN 48:1
news to Pharoah's palace	1					GEN 45:16
Nicodemus	1	Male				JHN 3:2 <-(2 more)-> JHN 7:51
Nineveh	-1	Female			The text personifies the city using female pronouns	NAM 2:8 & ZEP 2:15
no one	-1					JER 8:6 & JER 22:18
Noah	1	Male				GEN 9:25 <-(1 more)-> GEN 9:27
nobles and officials (Jewish)	-1	Male				NEH 2:18 & NEH 5:12	Official
non-reader	1					ISA 29:12
oarsmen, mariners, pilots of the sea	-1		Adult			EZK 27:32 <-(3 more)-> EZK 27:36
Obadiah, manager of Ahab's palace	1	Male				1KI 18:7 <-(5 more)-> 1KI 18:14
Obadiah, prophet	1	Male				OBA 1:4 <-(1 more)-> OBA 1:18
Oded, prophet	1	Male				2CH 28:9 <-(1 more)-> 2CH 28:11	Oded (prophet)
officer of King Jehoshaphat of Israel	1	Male				2KI 3:11
officer of King Joram of Israel	1	Male				2KI 7:13
officer of king of Israel, on whose arm the king leaned	1	Male				2KI 7:2 & 2KI 7:19
officers	-1	Male				DEU 20:5 <-(5 more)-> ACT 5:26
officers of king of Aram	-1	Male				2KI 6:12
officers of king of Babylon	-1	Male				JER 39:14
officers of magistrates	-1	Male				ACT 16:35 & ACT 16:38
officers of temple guard	-1	Male				LUK 22:5
official, royal (father)	1	Male				JHN 4:47 <-(1 more)-> JHN 4:52	Father
officials	-1	Male				JER 26:16 <-(5 more)-> JHN 19:6
officials from chief priests and Pharisees	-1	Male				JHN 18:5 & JHN 18:7
officials of Belshazzar	-1	Male				DAN 5:4
officials of Ben-Hadad, king of Aram	-1	Male				1KI 20:23 <-(4 more)-> 1KI 20:33
officials of David	-1	Male				2SA 9:2 & 2SA 15:15
officials of high priest, one of the	1	Male				JHN 18:22	Officer
officials of Samaria	-1	Male				2KI 10:4 & 2KI 10:5	Elder
officials of Succoth	-1	Male				JDG 8:6	Prince of Succoth
officials of Trans-Euphrates	-1	Male				EZR 5:3 <-(11 more)-> EZR 5:17
officials, Ephesus (friends of Paul)	-1	Male				ACT 19:31
old man in Gibeah	1	Male	Elder			JDG 19:17 <-(2 more)-> JDG 19:24
old prophet in Bethel	1	Male	Elder			1KI 13:12 <-(10 more)-> 1KI 13:32	Prophet (old)
older daughter of Lot	1	Female				GEN 19:31 <-(1 more)-> GEN 19:34	Daughter of Lot (female)
On	1	Male			son of Peleth (Reubenite)	NUM 16:3
one at table of Pharisee (expert in religious law)	1	Male				LUK 14:15
one of the others who stood on the river bank	1	Male				DAN 12:6
one of you	-1					ROM 9:19 & JAS 2:16
one who allowed Paul to live by himself	-1	Male				ACT 28:16
one who brings good news	-1	PreferMale				ISA 40:9 & ISA 52:7
one who robs his father or mother	1	Male				PRO 28:24
onlookers	-1					ISA 14:16 & ISA 14:17
oppressors of poor	-1					AMO 8:5 & AMO 8:6
Orpah	1	Female				RUT 1:9 & RUT 1:10
other guests at Pharisee (Simon)'s house	-1	Male				LUK 7:49
others (testing Jesus)	-1					LUK 11:16
others who would not believe	-1	Male				ACT 28:24 & ACT 28:25
owners of colt	-1	PreferMale				MRK 11:5 & LUK 19:33
owners of fortune telling slave girl	-1	Male				ACT 16:19 <-(1 more)-> ACT 16:21
palace administrator and overseer (elder) of the city	2	Male				2KI 10:5	Elder
parents of cured man, blind from birth	2	Either			May want to assign one or more of these lines to female, as appropriate	JHN 9:20 <-(2 more)-> JHN 9:23
parents of rebellious son	2	Either				DEU 21:20
Pashur	1	Male			son of Malkijah	JER 21:2 <-(1 more)-> JER 38:25	Pashhur
passers by	-1					LAM 2:15 <-(3 more)-> MRK 15:30
Paul	1	Male				ACT 9:1 <-(201 more)-> 2CO 9:2
Paul's traveling companions, Luke and	-1					ACT 20:12 <-(1 more)-> ACT 21:14
Pekah, son of Remaliah, king of Israel	-1	Male				ISA 7:6
people	-1					2CH 26:23 <-(39 more)-> 1TH 5:3
people at cistern	-1					1SA 19:22
people at coronation of King Joash	-1					2KI 11:12
people at Gennesaret (sick)	-1					MAT 14:36 & MRK 6:56
people at Jairus' house	-1					MAT 9:24 & LUK 8:53	Man (Not Good)
people from Jerusalem, Judea and the region around the Jordan	-1					MAT 3:6 & MRK 1:5
people in Capernaum	-1					MRK 1:30 & MRK 2:1
people in Capernaum synagogue	-1					MRK 1:22
people in crowd by Sea of Galilee	-1					JHN 6:14 <-(3 more)-> JHN 6:34
people in high priest's courtyard	-1	Either			Group consisted of at least a servant girl and a man	JHN 18:25
people in Jericho, all the	-1					LUK 19:7
people in Pisidian Antioch synagogue	-1					ACT 13:42
people in temple courts, all the	-1					ACT 3:10
people in the temple	-1					LUK 20:16
people near Jordan River	-1					LUK 3:15 & JHN 10:41
people of Decapolis	-1					MRK 7:32 <-(1 more)-> MRK 7:37
people of Jerusalem	-1					JER 4:5 <-(6 more)-> MAT 21:10
people of Jerusalem, some	-1					JHN 7:25 <-(1 more)-> JHN 7:27
people of Samaria, all the	-1					ACT 8:10
people of Tyre and Sidon	-1					ACT 12:20 & ACT 12:22
people praying at John Mark's mother's house	-1					ACT 12:15
people who had known Saul	-1					1SA 10:11
people who heard about Jesus' birth	-1					LUK 2:18
people who saw healing of demon-possessed man who was blind and mute	-1					MAT 12:23
people who see Nineveh's destruction	-1					NAM 3:7
people, all the	-1					1KI 1:39 <-(12 more)-> LUK 7:29
people, arrogant wicked	-1					PSA 73:11
people, God's	-1					ISA 25:9 <-(5 more)-> ZEC 13:9
people, hurried	-1					ISA 5:19
people, Israel, tribes of	-1					2SA 19:9 & 2SA 19:10
people, other	-1					MRK 6:15 & LUK 9:8
people, repentant	-1					JER 14:7 <-(5 more)-> JER 14:22
people, righteous	-1					PSA 52:7 & PSA 92:15
people, self-righteous	-1					LUK 18:9
people, some	-1					MRK 2:18 <-(2 more)-> LUK 13:1
people, still others	-1					MRK 6:15 & LUK 9:8
peoples, many	-1					ISA 2:3
person asking someone to read a sealed book	1	Male				ISA 29:11 & ISA 29:12
person claiming to have a pure heart	1	Either				PRO 20:9
person encouraging Jerusalem	1	PreferMale				ZEP 3:16 & ZEP 3:17
person near Lazarus' grave who informed Jesus	1					JHN 11:17
person sacrificing	1					1SA 2:16	Man
person warning people of Benjamin to flee	1					JER 6:1
person who informed Judah	1					GEN 38:24
person who informed people of Gaza	1					JDG 16:2	Man
person who informed Rabshakeh	1					2KI 19:9 & ISA 37:9
person who informed Solomon	1					1KI 2:29
person who informed Tamar, daughter-in-law of Judah	1					GEN 38:13
person who informed the sons of Israel	1					JOS 22:11
person who informed townsmen of Ophrah	1					JDG 6:29
person who told David about Obed-Edom	1					2SA 6:12
person who told David about Philistines	1					1SA 23:1
person who told David of Nathan's arrival	1	Male				1KI 1:23
person who told Joshua where the kings were hiding	1	Male				JOS 10:17
person who told king of Aram of Elisha's arrival	1	Male				2KI 8:7
person who told Samuel where Saul was	1	Male				1SA 15:12
person who told Saul where David was	1	Male				1SA 24:1
person who told Shimei where his servants were	1	Male				1KI 2:39
person who told the guards and priests where the apostles were	1	Male				ACT 5:25
person without the gift of tongues	1					1CO 14:16
Peter (Simon)	1	Male				MAT 14:28 <-(187 more)-> GAL 2:10
Pharaoh (1st)	1	Male				GEN 12:18 & GEN 12:19	Pharaoh 1st
Pharaoh (2nd)	1	Male				GEN 41:15 <-(22 more)-> GEN 50:6	Pharaoh 2nd
Pharaoh (2nd)'s men	-1	Male				GEN 41:43
Pharaoh (3rd)	1	Male				EXO 1:9 <-(28 more)-> EXO 14:5	Pharaoh 3rd
Pharaoh (6th)	1	Male				1KI 11:22	Pharaoh 4th
Pharaoh (Apries)	1	Male			aka, Pharaoh Hophra (see JER 44:30)	EZK 29:3 & EZK 29:9
Pharaoh's daughter	1	Female				EXO 2:6 <-(2 more)-> EXO 2:10
Pharaoh's officials	-1	Male				EXO 10:7 & EXO 14:5
Pharisee (expert in religious law)	1	Male				MAT 22:36 & LUK 13:31
Pharisee (Simon)	1	Male				LUK 7:39 <-(1 more)-> LUK 7:43	Simon
Pharisees	-1	Male				MAT 9:11 <-(42 more)-> ACT 23:9
Pharisees, other	-1	Male				LUK 11:37 <-(1 more)-> JHN 9:16
Pharisees, some	-1	Male				MAT 12:2 <-(8 more)-> JHN 9:40
Phicol	1	Male				GEN 21:22 & GEN 21:23
Philip the apostle	1	Male				MRK 6:37 <-(3 more)-> JHN 14:8
Philip the evangelist	1	Male				ACT 8:5 <-(4 more)-> ACT 20:12
Philistine commanders	-1	Male				1SA 29:3 <-(1 more)-> 1SA 29:5	Commander
Philistine priests and fortune tellers	-1	Male				1SA 6:3 <-(5 more)-> 1SA 6:9
Philistine rulers	-1	Male				JDG 16:5 <-(2 more)-> 1CH 12:19
Philistines	-1	Male				JDG 15:6 <-(11 more)-> 1SA 14:12
Phineas the priest	1	Male				JOS 22:16 <-(5 more)-> JOS 22:32	Phinehas
Phineas' wife (daughter-in-law of Eli)	1	Female				1SA 4:21 & 1SA 4:22	Mother of Ichabod (female)
Pilate	1	Male				MAT 27:11 <-(47 more)-> JHN 19:22
Pilate's wife	1	Female				MAT 27:19
poets	-1					NUM 21:27 <-(2 more)-> NUM 21:30
Potiphar's wife	1	Female				GEN 39:7 <-(6 more)-> GEN 39:19
priest	-1	Male				NUM 5:19 <-(5 more)-> JER 23:33
priest of Jupiter	1	Male				ACT 14:13
priests	-1	Male				DEU 27:9 <-(37 more)-> ACT 4:1
prince of Tyre	1	Male				EZK 28:2 & EZK 28:9
princes of the sea	-1	Male				EZK 26:17 & EZK 26:18	Prince of the Sea
proclaimers of God's word	-1					PSA 68:12 & PSA 68:13
proclamation	1	Male				EZR 10:7 & EZR 10:8
proclamation of the resurrection	-1					ACT 4:2
prophet	1	Male			prophet who spoke to Ahab king of Israel	1KI 20:13 <-(1 more)-> 1KI 20:22
prophet of Yahweh sent to Israel	1	Male				JDG 6:8 <-(1 more)-> JDG 6:10
prophet sent to Amaziah	1	Male				2CH 25:15 & 2CH 25:16
prophet who confronts Ahab	1	Male				1KI 20:35 <-(4 more)-> 1KI 20:42
prophets	-1				Former prophets (generically), quoted	JER 25:5 <-(3 more)-> ZEC 1:4
prophets (speaking the word of Yahweh)	-1					2KI 21:11 <-(3 more)-> 2KI 21:15
prophets and seers	-1	Male				2KI 17:13
prophets and teachers at Antioch	-1	Male				ACT 13:3
prophets of Baal	-1					1KI 18:26	Prophet of Baal
prophets, 400 false	400					1KI 22:6 <-(2 more)-> 2CH 18:11	Prophet (false)
prostitute (symbolic of Israel)	1	Female				HOS 2:5 <-(1 more)-> HOS 2:12
prostitute, one	1	Female				1KI 3:17 <-(5 more)-> 1KI 3:26
prostitute, other	1	Female				1KI 3:22 & 1KI 3:26
psalmist	-1					
Puah (midwife)	1	Female				EXO 1:19
queen of Babylon	1	Female			Probably Belshazzar's mother	DAN 5:10 <-(1 more)-> DAN 5:12
queen of Sheba	1	Female				1KI 10:6 <-(6 more)-> 2CH 9:8
queens and concubines	-1	Female				SNG 6:10
Rabshakeh	1	Male				2KI 18:19 <-(51 more)-> ISA 37:25
Rachel	1	Female				GEN 30:1 <-(10 more)-> GEN 31:35
Rahab	1	Female				JOS 2:4 <-(7 more)-> JOS 2:21
reader	1					ISA 29:11
Rebekah	1	Female				GEN 24:18 <-(17 more)-> GEN 27:46
Rebekah's mother	1	Female				GEN 24:55 <-(2 more)-> GEN 24:60
rebels	-1	PreferMale				ISA 30:10 <-(1 more)-> ISA 30:16
Rechab	1	Male				2SA 4:8	Son of Rimmon
Rechabite family, men of	-1	Male				JER 35:6 <-(4 more)-> JER 35:11	Rechabite
Regem-Melech	1	Male				ZEC 7:3
Rehoboam, king	1	Male				1KI 12:5 <-(9 more)-> 2CH 12:6
Rehum, commanding officer	1	Male				EZR 4:9 <-(6 more)-> EZR 4:16
relative	1	Male				AMO 6:10
relatives of Ahaziah, king of Judah	-1	Male				2KI 10:13
reply to the slain believers (in vision)	1					REV 6:11
report about Jesus	-1	PreferMale				MAT 14:13 <-(7 more)-> JHN 12:18
report about John the Baptist	-1	PreferMale				MRK 6:29
report about Lazarus	-1	PreferMale				JHN 11:6
report concerning new believers in Antioch	-1	PreferMale				ACT 11:22
report concerning Paul	1	PreferMale				ACT 17:13 & GAL 1:23
report of God's mercy to Elizabeth	-1					LUK 1:58
report to king of Aram	1	Male				2KI 6:13
report to king of Assyria	1	Male				2KI 17:26
report to Martha about Jesus	-1	PreferFemale				JHN 11:20
report to Sanballat and Tobiah	-1	Male				NEH 4:1 <-(3 more)-> NEH 6:16
rest of heads of families	-1	Male				EZR 4:3
Reuben	1	Male				GEN 37:8 <-(34 more)-> GEN 50:18
Reubenites	-1	Male				NUM 32:3 <-(21 more)-> JOS 22:29	Reubenite
Rhoda	1	Female	YoungAdult		possibly young girl/teen	ACT 12:13 <-(1 more)-> ACT 12:15
rich young ruler	1	Male	YoungAdult			MAT 19:16 <-(5 more)-> LUK 18:21	Young Man (Rich)
rooster	1	PreferMale				MAT 26:74 <-(2 more)-> JHN 18:27	
royal record	1	Male				EZR 6:3 <-(1 more)-> EZR 6:5	Scribe
rule given by Paul	1	Male				2TH 3:10
rules of the world	1					COL 2:21
rumbling sound	1	Male				EZK 3:12	Angel
rumor	1	PreferMale				JHN 21:23	
Ruth	1	Female				RUT 1:9 <-(10 more)-> RUT 3:17
Sabeans	-1					ISA 45:14 & ISA 45:15
Sadducees	-1	Male				MAT 16:1 <-(20 more)-> ACT 23:8
sailors on ship to Italy (Rome)	-1	Male				ACT 27:12 <-(4 more)-> ACT 27:39
sailors on ship to Tarshish	-1	Male				JON 1:5 <-(5 more)-> JON 1:16	Sailor
Salome	1	Female				MRK 16:3 <-(2 more)-> LUK 24:11
Samson	1	Male				JDG 14:2 <-(20 more)-> JDG 16:30
Samson's 30 Philistine companions	30	Male				JDG 14:13 <-(1 more)-> JDG 14:18	Philistine
Samson's father-in-law	1	Male				JDG 15:2	Father in Law
Samson's Philistine wife	1	Female				JDG 14:16	Wife of Samson (female)
Samuel	1	Male	Adult			1SA 7:3 <-(76 more)-> 1SA 16:11
Samuel (boy)	1	Male	Child			1SA 3:4 <-(4 more)-> 1SA 3:16
Samuel (dead)	1	Male	Elder			1SA 28:15 <-(3 more)-> 1SA 28:19
Sanballat the Horonite	1	Male				NEH 2:19 <-(8 more)-> NEH 6:9
Sanhedrin	-1	Male				MAT 26:59 <-(12 more)-> ACT 7:57
Sapphira, wife of Ananias of Jerusalem	1	Female				ACT 5:8
Sarah (Sarai)	1	Female	Adult			GEN 16:2 & GEN 16:5
Sarah (Sarai) (old)	1	Female	Elder			GEN 18:12 <-(3 more)-> GEN 21:10
Satan (Devil)	1	Male			In the OT, FCBH uses "Satan" as the label	1CH 21:1 <-(15 more)-> LUK 4:11	Devil
satraps	-1	Male				DAN 6:5 <-(5 more)-> DAN 6:15
Saul	1	Male				1SA 9:5 <-(90 more)-> 1CH 10:4
Saul's announcement	1	Male				1SA 13:4
Saul's messengers to Jesse	-1	Male				1SA 16:19 & 1SA 16:22
Saul's servant (young)	1	Male	YoungAdult			1SA 16:18
Saul's servants	-1	Male				1SA 16:15 <-(2 more)-> 1SA 28:7
Saul's uncle	1	Male				1SA 10:14 & 1SA 10:15	Uncle
saying (lie about disciples stealing Jesus' body)	1	Male				MAT 28:15
saying (proverb)	1					GEN 22:14
saying (proverb) about sour grapes	1					EZK 18:2
saying about (or by) idolaters	-1					HOS 13:2
saying about Anakites	1					DEU 9:2
saying about blind and lame	1					2SA 5:8
saying about captivity and death by the sword	1				Possibly a reference to Jeremiah 15:2, Jeremiah 43:11 or Matthew 26:52	REV 13:10
saying about doing anything	1					1CO 6:12 & 1CO 10:23
saying about food	1					1CO 6:13
saying about Gentile nations	1					PSA 87:4 & PSA 87:5
saying about God's deliverance	2					JER 16:14 <-(2 more)-> JER 23:8
saying about going beyond what is written	1					1CO 4:6
saying about Nimrod	1					GEN 10:9
saying about Saul	1					1SA 10:12 & 1SA 19:24
saying about seer	1					1SA 9:9
saying about short bed and narrow blanket	1					ISA 28:20
saying about sow	1					2PE 2:22
saying about what controls you	1					2PE 2:19
saying about yeast	1					1CO 5:6 & GAL 5:9
saying about Zion	1					PSA 87:5
saying, true	1					2TI 2:11 <-(1 more)-> 2TI 2:13
scoffers	-1	PreferMale				2PE 3:4
scoffers who rule people in Jerusalem	-1	Male				ISA 28:15	Scoffer
scoundrels	-1	Male				1KI 21:13	Scoundrel
scouts of Ben-Hadad, king of Aram	-1	Male				1KI 20:17
scribes	-1	Male			Gr. grammateus	LUK 11:53 <-(3 more)-> LUK 23:10
scripture	-1					2KI 14:6 <-(234 more)-> REV 19:15
sea	1	Neuter				ISA 23:4
sea captains, seafarers, sailors	-1	Male				REV 18:18 <-(1 more)-> REV 18:20
second person to accuse Peter (man)	1	Male				LUK 22:58
Seir (personified)	1	Male				EZK 25:8 & EZK 35:10	Mount Seir
Sennacherib, king of Assyria	1	Male				2CH 32:17 <-(5 more)-> ISA 10:14	Sennacherib
Seraiah	1	Male				JER 51:62 & JER 51:64
seraph, one of the	1	Male				ISA 6:7
seraphs	-1	Male				ISA 6:3
Sergius Paulus, proconsul	1	Male				ACT 13:7 & ACT 13:12
serpent	1	Male			Gen 3 - text uses masculine pronouns	GEN 3:1 <-(1 more)-> GEN 3:5
servant girl at high priest's courtyard	1	Female				MAT 26:69 <-(3 more)-> JHN 18:17	Woman (Servant)
servant girl, another	1	Female				MAT 26:71	Woman (Servant)
servant of concubine's husband	1	Male				JDG 19:11
servant of Elijah	1	Male				1KI 18:43 & 1KI 18:44
servant of Naaman's wife (young girl)	1	Female	Child			2KI 5:3 & 2KI 5:4	Slave Girl (female)
servant of Nabal	1	Male	YoungAdult		na?ar, nah'-ar; from H5287; a boy, from the age of infancy to adolescence	1SA 25:14 <-(2 more)-> 1SA 25:17
servant of priest	1	Male				1SA 2:15 & 1SA 2:16
servant of Saul (and of his father Kish)	1	Male	YoungAdult		na?ar, nah'-ar; from H5287; a boy, from the age of infancy to adolescence	1SA 9:6 <-(1 more)-> 1SA 9:11
servants of Achish, king of Gath	-1	Male				1SA 21:11
servants of David	-1	Male				1SA 25:40 <-(3 more)-> 1KI 1:2
servants of Eglon, king of Moab	-1	Male				JDG 3:24
servants of Isaac	-1	Male				GEN 26:32
servants of royal official (father)	-1	Male				JHN 4:51 & JHN 4:52	Servant
seven sons of Sceva	7	Male				ACT 19:13
seventy-two	72	Male				LUK 10:17
Shadrach	1	Male			original Hebrew name: Hananiah	DAN 3:16 <-(1 more)-> DAN 3:18
Shalmaneser, king of Assyria	1	Male				2KI 17:27
Shaphan, secretary	1	Male				2KI 22:9 <-(3 more)-> 2CH 34:18
Sharezer	1	Male				ZEC 7:3
Sheba, Dedan, and the merchants of Tarshish	-1	Male				EZK 38:13
Sheba, son of Bicri	1	Male				2SA 20:1
Shebna	1	Male				2KI 18:26 <-(4 more)-> ISA 37:4
Shecaniah, son of Jehiel	1	Male				EZR 10:2 <-(1 more)-> EZR 10:4
Shechem, son of Hamor	1	Male	YoungAdult			GEN 34:4 <-(4 more)-> GEN 34:23
Shemaiah the Nehelamite	1	Male			false prophet, enemy of Jeremiah	JER 29:26 <-(1 more)-> JER 29:28	Shemaiah 2nd
Shemaiah, prophet	1	Male			prophet during reign of Jeroboam	2CH 11:4 & 2CH 12:5	Shemaiah 1st
Shemaiah, son of Delaiah	1	Male			false prophet	NEH 6:10	Shemaiah 3rd
Shemeber, king of Zeboiim	1	Male				GEN 14:4
Shephatiah	1	Male			son of Mattan	JER 38:4 & JER 38:25
shepherds at well	-1	Male				GEN 29:4 <-(2 more)-> GEN 29:8	Shepherd
shepherds outside Bethlehem	-1					LUK 2:15 <-(1 more)-> LUK 2:18
Shethar-Bozenai	1	Male				EZR 5:3 <-(11 more)-> EZR 5:17
Shimei	1	Male				2SA 16:7 <-(3 more)-> 1KI 2:38
Shimshai, secretary	1	Male				EZR 4:9 <-(6 more)-> EZR 4:16
Shinab, king of Admah	1	Male				GEN 14:4
Shiphrah (midwife)	1	Female				EXO 1:19
Shobi	1	Male			son of Nahash from Rabbah of the Ammonites	2SA 17:29
Shua (Judah's wife)	1	Female				GEN 38:3 <-(1 more)-> GEN 38:5
Shunammite woman	1	Female			well-to-do	2KI 4:9 <-(9 more)-> 2KI 8:5
sign on the cross	1	PreferMale				MAT 27:37 <-(2 more)-> JHN 19:19
Silas	1	Male				ACT 15:34
Simeon	1	Male				GEN 34:14 <-(21 more)-> GEN 50:18
Simeon, devout man in Jerusalem	1	Male	Elder			LUK 2:29 <-(4 more)-> LUK 2:35	Simeon (Old)
Simon, sorcerer	1	Male				ACT 8:9 <-(3 more)-> ACT 8:24	Sorcerer (Simon)
sinful woman	1	Female				LUK 7:37
singers	-1	Male				1CH 16:41 & PSA 68:26
singers from the ends of the earth	-1					ISA 24:16
singers in Judah	-1					ISA 26:1 <-(19 more)-> ISA 26:21
singers, and relatives	-1	Male				2CH 5:13
sinners	-1					PRO 1:11 <-(4 more)-> AMO 9:10
Sisera	1	Male				JDG 4:19 & JDG 4:20
sisters of beloved	-1	Female				SNG 8:8 & SNG 8:9
slave drivers, Egyptian	-1	Male	Adult			EXO 5:10 <-(2 more)-> EXO 5:14
slave girls	-1	Female				NAM 2:7 & NAM 2:8	Slave Girl (female)
slaves of corruption	-1					2PE 2:19
sluggard	1	Male	Adult			PRO 6:10 <-(2 more)-> PRO 26:13
soldier at the cross	1	Male	Adult			LUK 23:37
soldiers	-1	Male	Adult			NAM 2:9 <-(3 more)-> ACT 27:42
soldiers, Assyrian	-1	Male	Adult			ISA 10:29
soldiers, Roman	-1	Male	Adult			MAT 27:29 <-(7 more)-> JHN 19:24
soldiers, some (near Jordan River)	-1	Male	Adult			LUK 3:14
Solomon, king	1	Male				1KI 1:52 <-(215 more)-> SNG 8:13	Solomon
some convinced by Paul	-1	Male				ACT 28:24
some people (quoted by Paul)	-1					2CO 10:10
someone	-1					ECC 1:10 <-(8 more)-> JAS 4:13
someone (hypothetical argument)	-1					PSA 11:1 <-(3 more)-> 2CO 12:16
someone from Seir	1	PreferMale				ISA 21:11
someone hiding	1	Male				AMO 6:10
someone in crowd	1	Male				LUK 12:13
someone in Jerusalem	1					ISA 22:13
son (child) in Israel (hypothetical)	1	Male	Child			DEU 6:20
son (receiving instructions)	1	Male	Child			PRO 7:4
son of Paul's sister (young man)	1	Male	YoungAdult			ACT 23:20 & ACT 23:21	Child (Nephew)
son of Shelomith (whose father was an Egyptian)	1	Male				LEV 24:11 & LEV 24:23
son of Shunammite	1	Male	Child			2KI 4:19	Boy
son of widow	1	Male				2KI 4:6
song about the prostitute	1	Either				ISA 23:16	Song of Prostitute
song of the prostitute (female)	1	Female				ISA 23:16
sons (hypothetical), at end of life	-1	Male	Elder			PRO 5:12 <-(1 more)-> PRO 5:14
sons of God	-1	Male	Child		could be spoken by any age actor, but a child's voice might provide best dramatic effect	GAL 4:6
sons of Korah	-1	Male				PSA 42:3 & PSA 42:9	Son of Korah
sons of Korah's enemies	-1	Male				PSA 42:3
sons of prophet in Bethel	-1	Male				1KI 13:30
souls of those killed for word of God	-1					REV 6:10
spies (from Pharisees and Herodians)	-1	Male				MAT 22:16 <-(10 more)-> LUK 20:26	Religious Leader
Stephen	1	Male				ACT 7:2 <-(53 more)-> ACT 7:60
steward of Joseph's house	1	Male				GEN 43:23 <-(2 more)-> GEN 44:10	Steward
stingy man	1	Male				PRO 23:7
synagogue ruler	1	Male				LUK 13:14	Religious Leader
synagogue rulers in Pisidian Antioch	-1	Male				ACT 13:15
Syria	-1	Male				ISA 7:6
Tamar, daughter of David	1	Female				2SA 13:12 <-(1 more)-> 2SA 13:16	Tamar 2nd (female)
Tamar, daughter-in-law of Judah	1	Female				GEN 38:16 <-(1 more)-> GEN 38:18	Tamar 1st (female)
Tattenai, governor	1	Male				EZR 5:3 <-(11 more)-> EZR 5:17
tax collectors	-1	Male				LUK 3:12
teacher of religious law	1	Male				MAT 8:19 & LUK 9:57
teachers of religious law	-1	Male				MAT 2:5 <-(50 more)-> ACT 5:40
temple guards	-1	Male				JHN 7:46
Tertius	1	Male				ROM 16:22
Tertullus, lawyer	1	Male				ACT 24:2 <-(5 more)-> ACT 24:8
Thomas	1	Male				JHN 11:16 <-(4 more)-> JHN 21:5
those hiding from Yahweh	-1					ISA 29:15
those standing near	-1	Male			accusers of Peter in courtyard	MAT 26:73 <-(1 more)-> LUK 22:59
those standing near Paul in Sanhedrin	-1	Male				ACT 23:4
those who afflict Jerusalem	-1	Male				ISA 51:23
those who call on God	-1					ROM 10:14
those who fear Yahweh	-1					PSA 118:4
those who go by	-1	Male			PSA 129:8	PSA 129:8
those who heard	-1					HEB 12:19
those who seek God	-1					PSA 70:4
those with the Eleven	-1	Either				LUK 24:34
three administrators	3	Male				DAN 6:6 <-(4 more)-> DAN 6:15
Timothy	1	Male				1TI 6:17 & 1TI 6:18
Titus	1	Male				2CO 8:17
Tobiah the Ammonite official	1	Male				NEH 2:19 <-(3 more)-> NEH 6:9
Toi, king of Hamath	1	Male				2SA 8:10
townsmen of Ophrah	-1	Male				JDG 6:29 <-(1 more)-> JDG 6:32
troublemakers	-1	Male				1SA 10:27
twenty-four elders	24	Male				REV 4:11 <-(4 more)-> REV 19:4
Tyre (personified)	-1	Male				EZK 26:2
unbeliever who comes under conviction	1					1CO 14:25
unbelievers	-1					1TH 4:12
Uriah	1	Male				2SA 11:11
virgin	1	Female				AMO 8:14
voice	1					EZK 10:13
voice (God?)	1	Male				ISA 30:21 <-(2 more)-> ISA 40:8
voice (Messiah?)	1	Male				ISA 48:16
voice from altar	1	Male				REV 9:14
voice from among living creatures	1	Male				REV 6:6
voice from heaven (angel?)	1	Male			Possibly an angel (not identified)	DAN 4:31 & DAN 4:32	Angel
voice from heaven (God?)	1	Male			Possibly God speaking (not identified)	REV 10:4 <-(2 more)-> REV 14:13
voice from heaven, another	1	Male				REV 18:4 <-(15 more)-> REV 18:20
voice from temple	1					REV 16:1
voice from throne	1	Male				REV 16:17 <-(2 more)-> REV 21:4
voice in heaven	13					REV 7:5 <-(4 more)-> REV 13:10
voice in heaven, loud	1					REV 12:10 <-(1 more)-> REV 12:12
voice in reply (Isaiah?)	1	Male				ISA 40:6
voice of great crowd in heaven, loud	-1					REV 19:1 <-(1 more)-> REV 19:3
voice of great crowd, like roar of many waters, loud thunderclaps	-1					REV 19:6 <-(1 more)-> REV 19:8
voice of joy and gladness	1	Male				JER 33:11
voice of one calling (preparing way for Christ)	1	Male				ISA 40:3 <-(2 more)-> ISA 40:6
voice of rejoicing and salvation	2					PSA 118:15 & PSA 118:16
voices in heaven, loud	-1					REV 11:15
warriors from Zorah and Eshtaol, five	5	Male				JDG 18:3 <-(5 more)-> JDG 18:25
watchman	1	Male				2SA 13:34 <-(4 more)-> JER 31:6
watchmen of Israel	-1	Male				ISA 56:12	Watchman
waves	-1					ISA 51:15
we (believers)	-1					ROM 8:15
weakling	1					JOL 3:10
thing formed from clay	1					ISA 29:16
whoever has doubts	1					ROM 14:23
whole earth	-1					REV 13:3
wicked men of Gibeah	-1	Male				JDG 19:22
wicked, the	-1					PSA 94:7 <-(1 more)-> JER 12:4
widow	1	Female				DEU 25:7 <-(1 more)-> ACT 9:39
widow (from company of prophets)	1	Female				2KI 4:1 <-(2 more)-> 2KI 4:7
widow at Zarephath	1	Female				1KI 17:12 <-(1 more)-> 1KI 17:24
wife suspected of infidelity	1	Female				NUM 5:22
Wisdom	1	Female				PRO 1:22 <-(52 more)-> PRO 9:12
wise counselors of Pharaoh	-1	Male				ISA 19:11	Counselor of Pharaoh
witnesses, false	-1	Male				MAT 26:61 & MRK 14:58
wives	-1	Female				NEH 5:2
wives and concubines of Belshazzar	-1	Female				DAN 5:4
wives, other	-1	Female				NEH 5:3
wives, still others	-1	Female				NEH 5:4 & NEH 5:5
woman from Tekoa	1	Female				2SA 14:4 <-(13 more)-> 2SA 14:20	Woman of Tekoa (female)
woman in Bahurim	1	Female				2SA 17:20
woman in crowd	1	Female				LUK 11:27
woman in famine	1	Female				2KI 6:26 <-(1 more)-> 2KI 6:29	Samarian Woman (female)
woman medium	1	Female				1SA 28:9 <-(5 more)-> 1SA 28:22	Woman at Endor (female)
woman who could not straighten up	1	Female				LUK 13:13
woman, bleeding for twelve years	1	Female				MAT 9:21 <-(4 more)-> LUK 8:47	Woman (Sick)
woman, caught in adultery	1	Female				JHN 8:11
woman, Samaritan	1	Female				JHN 4:9 <-(8 more)-> JHN 4:39	Woman (Samaritan)
woman, wise	1	Female				2SA 20:16 <-(4 more)-> 2SA 20:22
women of Bethlehem	-1	Female				RUT 1:19 <-(2 more)-> RUT 4:17
women playing tambourines	-1	Female				PSA 68:26
women who oppress the poor ("cows of Bashan")	-1	Female				AMO 4:1	Woman of Bashan (female)
women, dancing	-1	Female				1SA 18:7
women, remnant of the king of Judah's house	7	Female				JER 38:22
women, seven	7	Female				ISA 4:1	Daughter of Zion (female)
worshipers	-1					PSA 122:1
worshipers of the beast	-1					REV 13:4
Xerxes, king of Persia and Media (Ahasuerus)	1	Male				EST 1:15 <-(15 more)-> EST 9:12	Ahasuerus
Yahweh's angel	1	Male	Adult		Default speaker should be Jesus (for casting to indicate a theophany)	GEN 16:8 <-(50 more)-> ZEC 3:10
you (hypothetical Gentile)	1					ROM 11:19
you (hypothetical)	-1					PSA 66:3 <-(37 more)-> 1PE 1:17
you (old)	1	Male	Elder			ECC 12:1	Man (old)
you (people of Zion, restored)	-1					ISA 14:4 <-(18 more)-> JER 31:7
you ought to say	1					JAS 4:15
young man	1	Male	YoungAdult			NUM 11:27 & AMO 8:14
young men (advisors of Rehoboam)	-1	Male	YoungAdult			1KI 12:10 <-(2 more)-> 2CH 10:11	Advisor (young)
young women (maidens)	-1	Female	YoungAdult			1SA 9:12 & 1SA 9:13	Maiden (girl)
Zacchaeus	1	Male				LUK 19:4 & LUK 19:8
Zacharias (Zechariah)	1	Male				LUK 1:18 <-(12 more)-> LUK 1:79	Zechariah
Zalmunna	1	Male				JDG 8:18 <-(1 more)-> PSA 83:12
Zebah	1	Male				JDG 8:18 <-(1 more)-> PSA 83:12
Zebul, governor of Shechem	1	Male				JDG 9:31 <-(3 more)-> JDG 9:38
Zebulun	1	Male				GEN 37:8 <-(33 more)-> GEN 50:18
Zechariah the prophet, son of Berechiah	1	Male				ZEC 1:2 <-(118 more)-> ZEC 13:9	Zechariah
Zechariah, son of Jehoiada the priest	1	Male				2CH 24:20 & 2CH 24:22
Zedekiah, king of Judah	1	Male				JER 32:3 <-(16 more)-> JER 38:26	Zedekiah (king)
Zedekiah, son of Hananiah	1	Male				JER 36:15 <-(2 more)-> JER 36:19
Zedekiah, son of Kenaanah, false prophet	1	Male				1KI 22:11 <-(2 more)-> 2CH 18:23	Zedekiah
Zephaniah, priest	1	Male			son of Maaseiah	JER 21:2 <-(3 more)-> JER 37:3
Zephaniah, prophet	1	Male			son of Cushi, the son of Gedaliah, the son of Amariah, the son of Hezekiah	ZEP 1:2 <-(20 more)-> ZEP 3:20
Zeresh, wife of Haman	1	Female				EST 5:14 & EST 6:13	Wife of Haman (female)
Zerubbabel	1	Male				EZR 4:3 & ZEC 4:7
Ziba, servant of Saul's household	1	Male				2SA 9:2 <-(5 more)-> 2SA 16:4
Zion	1	PreferFemale				ISA 49:14 & ISA 49:21
Ziphites	-1	Male				1SA 23:19 <-(2 more)-> PSA 54:0
Zipporah, Moses' wife	1	Female				EXO 2:19 <-(1 more)-> EXO 4:26
Zophar the Naamathite	1	Male				JOB 11:2 <-(45 more)-> JOB 20:29
